cancion_id,titulo,artista,genero,duracion_seg
c001,Fuego ciudad,Sueño Band,cumbia,184
c002,Sueño eco,Cielo Sur,jazz,128
c003,Noche fuego,Volcán Trío,reguetón,283
c004,Camino lluvia,Tiempo Sur,indie,296
c005,Noche fuego,Cielo Sur,reguetón,149
c006,Sol río,Cielo Trío,salsa,330
c007,Río lluvia,Mar Band,reguetón,137
c008,Lluvia ciudad,Luna Sur,cumbia,275
c009,Noche horizonte,Lluvia Band,jazz,201
c010,Río sol,Sueño Band,jazz,189
c011,Horizonte sueño,Cielo Trío,salsa,313
c012,Horizonte viento,Eco Norte,pop,225
c013,Camino eco,Lluvia Trío,pop,214
c014,Eco cielo,Tiempo Club,salsa,191
c015,Luna río,Mar Band,pop,276
c016,Cielo viento,Cielo Sur,cumbia,272
c017,Ciudad camino,Mar Club,jazz,242
c018,Viento sol,Cielo Band,reguetón,132
c019,Tiempo fuego,Cielo Trío,jazz,203
c020,Tiempo mar,Mar Sur,reguetón,212
c021,Noche ciudad,Cielo Trío,reguetón,225
c022,Lluvia luna,Tiempo Trío,cumbia,124
c023,Río tiempo,Cielo Trío,indie,235
c024,Viento eco,Volcán Sur,rock,144
c025,Sol eco,Sueño Band,pop,167
c026,Cielo mar,Volcán Sur,indie,190
c027,Mar fuego,Lluvia Sur,rock,310
c028,Noche lluvia,Tiempo Club,rock,178
c029,Camino mar,Ciudad Trío,salsa,226
c030,Mar mar,Tiempo Band,jazz,308
c031,Lluvia sol,Lluvia Trío,salsa,316
c032,Fuego luna,Cielo Trío,reguetón,313
c033,Lluvia luna,Mar Norte,salsa,193
c034,Río tiempo,Mar Sur,salsa,295
c035,Mar volcán,Cielo Trío,pop,210
c036,Sueño ciudad,Eco Norte,salsa,142
c037,Eco luna,Cielo Trío,indie,288
c038,Mar sueño,Mar Band,indie,288
c039,Camino horizonte,Tiempo Band,jazz,235
c040,Sueño volcán,Cielo Trío,electrónica,208
c041,Horizonte fuego,Volcán Sur,rock,231
c042,Noche ciudad,Horizonte Trío,jazz,195
c043,Sueño ciudad,Ciudad Trío,salsa,217
c044,Mar cielo,Fuego Sur,pop,209
c045,Lluvia ciudad,Fuego Sur,jazz,124
c046,Río río,Lluvia Band,reguetón,150
c047,Cielo volcán,Mar Norte,indie,195
c048,Río noche,Lluvia Band,pop,243
c049,Mar camino,Volcán Norte,rock,124
c050,Fuego tiempo,Ciudad Trío,salsa,214
c051,Luna sol,Luna Band,rock,292
c052,Volcán viento,Volcán Sur,salsa,316
c053,Mar fuego,Lluvia Trío,jazz,181
c054,Mar ciudad,Noche Club,electrónica,278
c055,Sueño lluvia,Cielo Sur,pop,155
c056,Río cielo,Tiempo Club,pop,239
c057,Sol lluvia,Tiempo Band,electrónica,251
c058,Eco mar,Tiempo Band,reguetón,122
c059,Mar ciudad,Volcán Sur,electrónica,247
c060,Lluvia tiempo,Ciudad Trío,electrónica,247
c061,Ciudad tiempo,Noche Club,indie,242
c062,Fuego horizonte,Noche Club,reguetón,202
c063,Lluvia mar,Sueño Band,rock,139
c064,Lluvia sol,Lluvia Sur,electrónica,298
c065,Volcán fuego,Lluvia Trío,electrónica,159
c066,Mar viento,Tiempo Sur,salsa,138
c067,Viento horizonte,Camino Norte,rock,205
c068,Fuego tiempo,Volcán Sur,cumbia,302
c069,Cielo camino,Tiempo Club,rock,245
c070,Sueño tiempo,Lluvia Trío,reguetón,305
c071,Mar volcán,Lluvia Sur,pop,273
c072,Eco sol,Horizonte Sur,pop,173
c073,Eco eco,Sueño Band,pop,182
c074,Lluvia cielo,Horizonte Trío,cumbia,315
c075,Camino tiempo,Cielo Sur,indie,214
c076,Cielo noche,Lluvia Trío,indie,260
c077,Río cielo,Tiempo Sur,jazz,258
c078,Luna mar,Ciudad Trío,pop,230
c079,Río noche,Mar Band,electrónica,241
c080,Mar cielo,Viento Band,cumbia,216
c081,Horizonte sol,Mar Club,rock,143
c082,Volcán fuego,Sueño Band,rock,314
c083,Fuego noche,Ciudad Trío,indie,147
c084,Volcán luna,Mar Norte,electrónica,240
c085,Noche ciudad,Sueño Band,cumbia,178
c086,Horizonte sueño,Ciudad Band,pop,266
c087,Sueño viento,Horizonte Sur,indie,143
c088,Fuego cielo,Cielo Sur,electrónica,144
c089,Ciudad tiempo,Mar Club,pop,320
c090,Sol luna,Cielo Trío,cumbia,298
c091,Volcán sueño,Lluvia Sur,indie,292
c092,Viento ciudad,Mar Sur,electrónica,239
c093,Cielo ciudad,Mar Club,salsa,209
c094,Eco lluvia,Tiempo Sur,indie,307
c095,Tiempo fuego,Volcán Trío,reguetón,310
c096,Volcán mar,Tiempo Sur,jazz,144
c097,Eco cielo,Mar Band,electrónica,224
c098,Sueño viento,Lluvia Trío,rock,120
c099,Volcán cielo,Fuego Sur,rock,221
c100,Río lluvia,Noche Club,rock,182
c101,Cielo noche,Viento Norte,rock,297
c102,Horizonte sueño,Fuego Sur,reguetón,227
c103,Cielo río,Mar Band,electrónica,323
c104,Luna río,Noche Club,jazz,146
c105,Sol tiempo,Ciudad Trío,electrónica,187
c106,Cielo luna,Tiempo Club,rock,138
c107,Ciudad sol,Luna Sur,pop,244
c108,Río ciudad,Mar Sur,rock,228
c109,Sol lluvia,Tiempo Trío,salsa,265
c110,Volcán viento,Horizonte Trío,electrónica,208
c111,Mar horizonte,Lluvia Club,jazz,313
c112,Lluvia fuego,Eco Norte,salsa,238
c113,Horizonte viento,Cielo Trío,jazz,231
c114,Cielo río,Tiempo Trío,indie,209
c115,Sol volcán,Volcán Trío,reguetón,264
c116,Mar eco,Horizonte Sur,electrónica,195
c117,Camino cielo,Ciudad Trío,pop,220
c118,Ciudad mar,Cielo Band,salsa,198
c119,Volcán fuego,Luna Band,indie,173
c120,Volcán horizonte,Noche Club,indie,167
c121,Sueño horizonte,Volcán Sur,electrónica,146
c122,Volcán lluvia,Ciudad Band,cumbia,236
c123,Luna sueño,Tiempo Club,cumbia,252
c124,Viento noche,Cielo Band,reguetón,299
c125,Camino camino,Luna Sur,rock,148
c126,Río lluvia,Camino Norte,indie,154
c127,Luna sueño,Eco Norte,cumbia,215
c128,Ciudad lluvia,Horizonte Trío,indie,317
c129,Cielo ciudad,Cielo Trío,electrónica,165
c130,Eco noche,Tiempo Club,indie,194
c131,Camino fuego,Mar Band,cumbia,284
c132,Ciudad cielo,Mar Norte,pop,266
c133,Tiempo noche,Ciudad Trío,electrónica,137
c134,Ciudad tiempo,Lluvia Trío,cumbia,127
c135,Ciudad fuego,Ciudad Band,jazz,211
c136,Horizonte viento,Mar Club,indie,205
c137,Viento ciudad,Volcán Sur,salsa,232
c138,Luna ciudad,Lluvia Trío,rock,209
c139,Lluvia noche,Tiempo Club,cumbia,160
c140,Noche volcán,Lluvia Trío,indie,330
c141,Sueño ciudad,Horizonte Sur,electrónica,182
c142,Fuego noche,Lluvia Trío,indie,153
c143,Noche eco,Ciudad Trío,cumbia,191
c144,Fuego lluvia,Lluvia Trío,indie,211
c145,Luna horizonte,Tiempo Sur,electrónica,216
c146,Sol lluvia,Camino Norte,reguetón,327
c147,Camino viento,Viento Band,pop,315
c148,Sol mar,Tiempo Sur,cumbia,149
c149,Noche río,Lluvia Band,salsa,145
c150,Noche ciudad,Tiempo Sur,indie,232
c151,Tiempo noche,Eco Norte,jazz,256
c152,Viento lluvia,Mar Norte,cumbia,217
c153,Tiempo lluvia,Cielo Sur,pop,174
c154,Sol ciudad,Cielo Trío,cumbia,156
c155,Lluvia tiempo,Lluvia Trío,rock,120
c156,Fuego eco,Camino Norte,cumbia,210
c157,Noche mar,Eco Norte,rock,318
c158,Lluvia lluvia,Tiempo Club,pop,259
c159,Eco sueño,Lluvia Club,reguetón,326
c160,Noche lluvia,Sueño Band,indie,295
c161,Cielo río,Cielo Trío,pop,160
c162,Eco lluvia,Tiempo Club,jazz,325
c163,Horizonte lluvia,Tiempo Club,salsa,212
c164,Noche luna,Sueño Band,rock,206
c165,Sol mar,Horizonte Sur,jazz,194
c166,Tiempo viento,Lluvia Trío,pop,297
c167,Mar cielo,Tiempo Trío,indie,275
c168,Volcán ciudad,Lluvia Trío,jazz,127
c169,Camino río,Luna Band,rock,258
c170,Viento ciudad,Lluvia Trío,rock,126
c171,Ciudad camino,Noche Club,rock,268
c172,Horizonte mar,Eco Norte,salsa,216
c173,Lluvia sol,Tiempo Sur,salsa,330
c174,Luna eco,Ciudad Trío,reguetón,140
c175,Eco fuego,Volcán Sur,salsa,208
c176,Tiempo sol,Tiempo Trío,rock,229
c177,Cielo noche,Tiempo Band,salsa,184
c178,Río luna,Noche Club,salsa,258
c179,Viento camino,Ciudad Trío,salsa,246
c180,Fuego volcán,Cielo Trío,salsa,153
c181,Ciudad fuego,Fuego Sur,rock,162
c182,Mar cielo,Volcán Trío,jazz,246
c183,Fuego tiempo,Lluvia Sur,indie,223
c184,Lluvia noche,Tiempo Club,pop,271
c185,Camino volcán,Eco Norte,jazz,192
c186,Lluvia cielo,Lluvia Club,pop,231
c187,Cielo cielo,Horizonte Trío,pop,193
c188,Noche viento,Mar Club,salsa,309
c189,Noche volcán,Horizonte Sur,jazz,133
c190,Tiempo horizonte,Eco Norte,salsa,191
c191,Eco río,Fuego Trío,cumbia,194
c192,Luna noche,Camino Norte,rock,166
c193,Eco eco,Tiempo Band,electrónica,267
c194,Fuego río,Mar Band,indie,236
c195,Volcán lluvia,Cielo Trío,salsa,158
c196,Sol cielo,Lluvia Sur,jazz,274
c197,Río sueño,Eco Norte,indie,157
c198,Sueño sueño,Tiempo Sur,electrónica,222
c199,Cielo ciudad,Tiempo Sur,cumbia,186
c200,Fuego horizonte,Lluvia Band,pop,168
c201,Ciudad tiempo,Tiempo Band,pop,179
c202,Sueño fuego,Cielo Sur,reguetón,300
c203,Fuego ciudad,Cielo Band,indie,222
c204,Río volcán,Camino Norte,electrónica,228
c205,Volcán camino,Tiempo Club,pop,323
c206,Ciudad horizonte,Viento Band,cumbia,189
c207,Fuego viento,Lluvia Club,salsa,180
c208,Horizonte lluvia,Cielo Trío,cumbia,290
c209,Sueño sol,Mar Sur,salsa,312
c210,Cielo fuego,Ciudad Trío,jazz,256
c211,Tiempo sol,Mar Norte,cumbia,198
c212,Ciudad horizonte,Camino Norte,indie,271
c213,Río lluvia,Mar Norte,jazz,302
c214,Camino fuego,Cielo Sur,rock,329
c215,Mar horizonte,Tiempo Trío,indie,265
c216,Eco viento,Tiempo Band,indie,226
c217,Sol ciudad,Ciudad Trío,pop,178
c218,Fuego mar,Tiempo Club,indie,263
c219,Lluvia fuego,Sueño Band,salsa,255
c220,Luna ciudad,Volcán Trío,indie,128
c221,Horizonte lluvia,Sueño Band,jazz,282
c222,Lluvia lluvia,Luna Band,indie,149
c223,Horizonte lluvia,Volcán Trío,indie,160
c224,Río sol,Luna Sur,electrónica,192
c225,Noche viento,Luna Band,pop,326
c226,Luna cielo,Noche Club,salsa,296
c227,Sueño fuego,Eco Norte,jazz,229
c228,Fuego ciudad,Cielo Sur,electrónica,170
c229,Luna viento,Lluvia Trío,cumbia,319
c230,Camino lluvia,Viento Band,pop,323
c231,Tiempo volcán,Lluvia Trío,jazz,123
c232,Río sueño,Fuego Trío,electrónica,206
c233,Eco río,Horizonte Sur,reguetón,270
c234,Camino viento,Viento Norte,cumbia,223
c235,Tiempo río,Eco Norte,reguetón,179
c236,Ciudad ciudad,Tiempo Trío,rock,284
c237,Camino río,Ciudad Trío,rock,325
c238,Camino fuego,Lluvia Sur,indie,156
c239,Mar cielo,Ciudad Trío,indie,304
c240,Ciudad cielo,Eco Norte,pop,186
c241,Río luna,Volcán Norte,cumbia,300
c242,Lluvia eco,Lluvia Club,cumbia,226
c243,Ciudad tiempo,Lluvia Trío,pop,213
c244,Luna lluvia,Cielo Trío,rock,198
c245,Volcán mar,Cielo Trío,reguetón,312
c246,Camino viento,Mar Band,cumbia,149
c247,Horizonte ciudad,Tiempo Trío,rock,210
c248,Horizonte fuego,Lluvia Trío,pop,309
c249,Ciudad sueño,Cielo Sur,salsa,250
c250,Volcán luna,Mar Sur,reguetón,287
c251,Volcán fuego,Luna Band,rock,181
c252,Fuego sol,Ciudad Trío,electrónica,304
c253,Río sueño,Eco Norte,electrónica,279
c254,Cielo viento,Volcán Norte,indie,207
c255,Sueño sueño,Volcán Trío,pop,194
c256,Fuego cielo,Tiempo Club,salsa,295
c257,Tiempo ciudad,Fuego Sur,jazz,325
c258,Viento ciudad,Tiempo Club,pop,133
c259,Noche sol,Cielo Band,indie,275
c260,Sol camino,Tiempo Band,pop,234
c261,Río luna,Lluvia Club,rock,261
c262,Mar mar,Viento Norte,electrónica,124
c263,Fuego ciudad,Eco Norte,jazz,278
c264,Luna camino,Lluvia Trío,reguetón,199
c265,Volcán mar,Mar Club,reguetón,291
c266,Volcán volcán,Tiempo Band,cumbia,193
c267,Luna tiempo,Cielo Band,cumbia,132
c268,Viento eco,Tiempo Sur,electrónica,181
c269,Mar luna,Lluvia Trío,cumbia,126
c270,Sueño sol,Mar Norte,salsa,226
c271,Horizonte mar,Viento Norte,pop,179
c272,Lluvia cielo,Viento Norte,reguetón,312
c273,Sol río,Mar Sur,electrónica,152
c274,Fuego fuego,Sueño Band,indie,315
c275,Ciudad lluvia,Mar Band,electrónica,215
c276,Noche cielo,Eco Norte,jazz,285
c277,Luna ciudad,Noche Club,electrónica,144
c278,Volcán horizonte,Cielo Band,pop,144
c279,Tiempo horizonte,Viento Band,rock,157
c280,Río sueño,Ciudad Band,rock,192
c281,Volcán noche,Lluvia Trío,pop,170
c282,Cielo tiempo,Lluvia Club,reguetón,324
c283,Luna luna,Sueño Band,jazz,187
c284,Noche lluvia,Volcán Norte,rock,281
c285,Eco cielo,Cielo Band,electrónica,313
c286,Tiempo horizonte,Volcán Sur,cumbia,306
c287,Luna ciudad,Lluvia Sur,jazz,318
c288,Viento noche,Cielo Trío,jazz,308
c289,Eco volcán,Volcán Norte,electrónica,171
c290,Fuego noche,Horizonte Trío,electrónica,142
c291,Sueño camino,Volcán Sur,indie,236
c292,Fuego luna,Fuego Trío,jazz,275
c293,Ciudad horizonte,Camino Norte,indie,135
c294,Volcán noche,Volcán Sur,pop,135
c295,Tiempo sueño,Luna Sur,reguetón,264
c296,Noche ciudad,Ciudad Trío,jazz,141
c297,Cielo eco,Sueño Band,rock,190
c298,Fuego viento,Mar Club,electrónica,326
c299,Ciudad luna,Sueño Band,cumbia,194
c300,Horizonte lluvia,Ciudad Trío,indie,295
