playlist_id,usuario_id,nombre,creada_en
p01,u072,Mix Tiempo 1,2026-09-17 12:15:20
p02,u076,Mix Lluvia 2,2026-09-20 23:18:41
p03,u185,Mix Volcán 3,2026-09-30 20:09:38
p04,u022,Mix Mar 4,2026-09-30 18:45:26
p05,u116,Mix Cielo 5,2026-09-01 21:54:44
p06,u065,Mix Cielo 6,2026-09-04 18:20:08
p07,u200,Mix Río 7,2026-09-01 18:46:15
p08,u146,Mix Luna 8,2026-09-06 17:56:58
p09,u148,Mix Volcán 9,2026-09-02 23:25:56
p10,u129,Mix Tiempo 10,2026-09-03 03:46:24
p11,u140,Mix Río 11,2026-09-17 11:41:14
p12,u106,Mix Eco 12,2026-09-20 19:52:44
p13,u197,Mix Tiempo 13,2026-09-30 08:23:54
p14,u083,Mix Horizonte 14,2026-09-06 08:23:04
p15,u061,Mix Camino 15,2026-09-19 15:16:36
p16,u033,Mix Horizonte 16,2026-09-10 08:39:39
p17,u175,Mix Volcán 17,2026-09-20 19:23:28
p18,u039,Mix Sueño 18,2026-09-07 06:40:09
p19,u181,Mix Cielo 19,2026-09-02 09:41:35
p20,u166,Mix Sol 20,2026-09-18 20:20:10
p21,u026,Mix Río 21,2026-09-20 20:08:54
p22,u072,Mix Sol 22,2026-09-01 19:19:48
p23,u064,Mix Luna 23,2026-09-16 09:49:02
p24,u151,Mix Ciudad 24,2026-09-20 03:18:49
p25,u032,Mix Ciudad 25,2026-09-07 21:46:13
p26,u016,Mix Fuego 26,2026-09-27 14:13:48
p27,u034,Mix Mar 27,2026-09-13 12:53:56
p28,u191,Mix Eco 28,2026-09-12 03:00:22
p29,u069,Mix Luna 29,2026-09-23 13:29:14
p30,u077,Mix Camino 30,2026-09-12 08:24:48
p31,u050,Mix Eco 31,2026-09-06 07:04:06
p32,u023,Mix Mar 32,2026-09-28 14:36:11
p33,u190,Mix Volcán 33,2026-09-05 17:27:50
p34,u037,Mix Eco 34,2026-09-27 12:11:28
p35,u068,Mix Fuego 35,2026-09-20 18:22:13
p36,u153,Mix Cielo 36,2026-09-03 20:59:48
p37,u198,Mix Cielo 37,2026-09-05 14:32:16
p38,u003,Mix Viento 38,2026-09-24 16:17:35
p39,u199,Mix Noche 39,2026-09-01 19:05:54
p40,u181,Mix Mar 40,2026-09-16 08:01:01
p41,u141,Mix Mar 41,2026-09-14 12:23:13
p42,u175,Mix Ciudad 42,2026-09-01 11:59:14
p43,u006,Mix Ciudad 43,2026-09-06 07:39:15
p44,u193,Mix Fuego 44,2026-09-08 16:44:41
p45,u083,Mix Ciudad 45,2026-09-26 23:51:14
p46,u023,Mix Eco 46,2026-09-19 15:44:29
p47,u163,Mix Luna 47,2026-09-05 16:29:21
p48,u086,Mix Horizonte 48,2026-09-20 07:11:59
p49,u050,Mix Sol 49,2026-09-19 17:53:20
p50,u196,Mix Volcán 50,2026-09-28 17:49:36
p51,u058,Mix Lluvia 51,2026-09-25 20:59:47
p52,u169,Mix Viento 52,2026-09-27 06:42:53
p53,u044,Mix Sueño 53,2026-09-12 19:38:21
p54,u093,Mix Ciudad 54,2026-09-15 11:48:42
p55,u100,Mix Sol 55,2026-09-20 15:02:09
p56,u122,Mix Viento 56,2026-09-10 13:13:36
p57,u177,Mix Luna 57,2026-09-24 17:46:32
p58,u085,Mix Viento 58,2026-09-18 23:39:26
p59,u187,Mix Mar 59,2026-09-30 08:36:17
p60,u165,Mix Río 60,2026-09-13 12:07:24
