playlist_id,cancion_id,posicion,agregada_en
p01,c093,1,2026-09-17 12:15:20
p01,c051,2,2026-09-17 12:15:20
p01,c300,3,2026-09-17 12:15:20
p01,c008,4,2026-09-17 12:15:20
p01,c252,5,2026-09-17 12:15:20
p01,c075,6,2026-09-17 12:15:20
p01,c166,7,2026-09-17 12:15:20
p01,c138,8,2026-09-17 12:15:20
p01,c154,9,2026-09-17 12:15:20
p01,c072,10,2026-09-17 12:15:20
p01,c021,11,2026-09-17 12:15:20
p01,c202,12,2026-09-17 12:15:20
p01,c153,13,2026-09-17 12:15:20
p01,c068,14,2026-09-17 12:15:20
p02,c063,1,2026-09-20 23:18:41
p02,c248,2,2026-09-20 23:18:41
p02,c275,3,2026-09-20 23:18:41
p02,c108,4,2026-09-20 23:18:41
p02,c154,5,2026-09-20 23:18:41
p02,c203,6,2026-09-20 23:18:41
p02,c206,7,2026-09-20 23:18:41
p02,c231,8,2026-09-20 23:18:41
p02,c083,9,2026-09-20 23:18:41
p03,c182,1,2026-09-30 20:09:38
p03,c059,2,2026-09-30 20:09:38
p03,c275,3,2026-09-30 20:09:38
p03,c043,4,2026-09-30 20:09:38
p03,c124,5,2026-09-30 20:09:38
p03,c140,6,2026-09-30 20:09:38
p03,c297,7,2026-09-30 20:09:38
p03,c062,8,2026-09-30 20:09:38
p03,c253,9,2026-09-30 20:09:38
p03,c109,10,2026-09-30 20:09:38
p03,c017,11,2026-09-30 20:09:38
p03,c174,12,2026-09-30 20:09:38
p03,c259,13,2026-09-30 20:09:38
p03,c172,14,2026-09-30 20:09:38
p03,c170,15,2026-09-30 20:09:38
p04,c299,1,2026-09-30 18:45:26
p04,c087,2,2026-09-30 18:45:26
p04,c157,3,2026-09-30 18:45:26
p04,c171,4,2026-09-30 18:45:26
p04,c196,5,2026-09-30 18:45:26
p04,c216,6,2026-09-30 18:45:26
p04,c034,7,2026-09-30 18:45:26
p04,c292,8,2026-09-30 18:45:26
p04,c001,9,2026-09-30 18:45:26
p04,c161,10,2026-09-30 18:45:26
p04,c134,11,2026-09-30 18:45:26
p04,c296,12,2026-09-30 18:45:26
p04,c259,13,2026-09-30 18:45:26
p04,c252,14,2026-09-30 18:45:26
p04,c129,15,2026-09-30 18:45:26
p04,c091,16,2026-09-30 18:45:26
p04,c028,17,2026-09-30 18:45:26
p05,c208,1,2026-09-01 21:54:44
p05,c178,2,2026-09-01 21:54:44
p05,c093,3,2026-09-01 21:54:44
p05,c253,4,2026-09-01 21:54:44
p05,c250,5,2026-09-01 21:54:44
p05,c269,6,2026-09-01 21:54:44
p05,c105,7,2026-09-01 21:54:44
p05,c100,8,2026-09-01 21:54:44
p05,c131,9,2026-09-01 21:54:44
p05,c228,10,2026-09-01 21:54:44
p05,c083,11,2026-09-01 21:54:44
p05,c066,12,2026-09-01 21:54:44
p05,c283,13,2026-09-01 21:54:44
p05,c204,14,2026-09-01 21:54:44
p05,c077,15,2026-09-01 21:54:44
p05,c121,16,2026-09-01 21:54:44
p06,c257,1,2026-09-04 18:20:08
p06,c265,2,2026-09-04 18:20:08
p06,c004,3,2026-09-04 18:20:08
p06,c071,4,2026-09-04 18:20:08
p06,c075,5,2026-09-04 18:20:08
p07,c054,1,2026-09-01 18:46:15
p07,c080,2,2026-09-01 18:46:15
p07,c269,3,2026-09-01 18:46:15
p07,c043,4,2026-09-01 18:46:15
p07,c228,5,2026-09-01 18:46:15
p07,c051,6,2026-09-01 18:46:15
p07,c088,7,2026-09-01 18:46:15
p07,c057,8,2026-09-01 18:46:15
p07,c140,9,2026-09-01 18:46:15
p07,c160,10,2026-09-01 18:46:15
p07,c243,11,2026-09-01 18:46:15
p07,c060,12,2026-09-01 18:46:15
p07,c259,13,2026-09-01 18:46:15
p07,c239,14,2026-09-01 18:46:15
p07,c119,15,2026-09-01 18:46:15
p07,c169,16,2026-09-01 18:46:15
p08,c277,1,2026-09-06 17:56:58
p08,c158,2,2026-09-06 17:56:58
p08,c198,3,2026-09-06 17:56:58
p08,c031,4,2026-09-06 17:56:58
p08,c121,5,2026-09-06 17:56:58
p08,c256,6,2026-09-06 17:56:58
p08,c145,7,2026-09-06 17:56:58
p08,c214,8,2026-09-06 17:56:58
p08,c102,9,2026-09-06 17:56:58
p08,c149,10,2026-09-06 17:56:58
p08,c165,11,2026-09-06 17:56:58
p08,c062,12,2026-09-06 17:56:58
p08,c203,13,2026-09-06 17:56:58
p08,c194,14,2026-09-06 17:56:58
p08,c276,15,2026-09-06 17:56:58
p09,c148,1,2026-09-02 23:25:56
p09,c076,2,2026-09-02 23:25:56
p09,c087,3,2026-09-02 23:25:56
p09,c182,4,2026-09-02 23:25:56
p09,c065,5,2026-09-02 23:25:56
p09,c043,6,2026-09-02 23:25:56
p09,c160,7,2026-09-02 23:25:56
p09,c113,8,2026-09-02 23:25:56
p09,c233,9,2026-09-02 23:25:56
p09,c032,10,2026-09-02 23:25:56
p09,c069,11,2026-09-02 23:25:56
p09,c121,12,2026-09-02 23:25:56
p09,c225,13,2026-09-02 23:25:56
p10,c136,1,2026-09-03 03:46:24
p10,c160,2,2026-09-03 03:46:24
p10,c023,3,2026-09-03 03:46:24
p10,c249,4,2026-09-03 03:46:24
p10,c267,5,2026-09-03 03:46:24
p10,c141,6,2026-09-03 03:46:24
p10,c227,7,2026-09-03 03:46:24
p10,c011,8,2026-09-03 03:46:24
p10,c106,9,2026-09-03 03:46:24
p10,c254,10,2026-09-03 03:46:24
p10,c140,11,2026-09-03 03:46:24
p11,c228,1,2026-09-17 11:41:14
p11,c278,2,2026-09-17 11:41:14
p11,c041,3,2026-09-17 11:41:14
p11,c294,4,2026-09-17 11:41:14
p11,c165,5,2026-09-17 11:41:14
p11,c178,6,2026-09-17 11:41:14
p11,c169,7,2026-09-17 11:41:14
p11,c242,8,2026-09-17 11:41:14
p11,c188,9,2026-09-17 11:41:14
p11,c072,10,2026-09-17 11:41:14
p11,c107,11,2026-09-17 11:41:14
p11,c091,12,2026-09-17 11:41:14
p11,c010,13,2026-09-17 11:41:14
p11,c271,14,2026-09-17 11:41:14
p12,c196,1,2026-09-20 19:52:44
p12,c056,2,2026-09-20 19:52:44
p12,c236,3,2026-09-20 19:52:44
p12,c291,4,2026-09-20 19:52:44
p12,c167,5,2026-09-20 19:52:44
p12,c081,6,2026-09-20 19:52:44
p12,c210,7,2026-09-20 19:52:44
p12,c173,8,2026-09-20 19:52:44
p12,c245,9,2026-09-20 19:52:44
p12,c091,10,2026-09-20 19:52:44
p12,c164,11,2026-09-20 19:52:44
p12,c232,12,2026-09-20 19:52:44
p12,c198,13,2026-09-20 19:52:44
p12,c195,14,2026-09-20 19:52:44
p12,c128,15,2026-09-20 19:52:44
p13,c269,1,2026-09-30 08:23:54
p13,c292,2,2026-09-30 08:23:54
p13,c188,3,2026-09-30 08:23:54
p13,c025,4,2026-09-30 08:23:54
p13,c235,5,2026-09-30 08:23:54
p13,c279,6,2026-09-30 08:23:54
p13,c051,7,2026-09-30 08:23:54
p13,c150,8,2026-09-30 08:23:54
p13,c159,9,2026-09-30 08:23:54
p13,c191,10,2026-09-30 08:23:54
p13,c145,11,2026-09-30 08:23:54
p14,c022,1,2026-09-06 08:23:04
p14,c081,2,2026-09-06 08:23:04
p14,c212,3,2026-09-06 08:23:04
p14,c279,4,2026-09-06 08:23:04
p14,c067,5,2026-09-06 08:23:04
p14,c044,6,2026-09-06 08:23:04
p14,c287,7,2026-09-06 08:23:04
p15,c202,1,2026-09-19 15:16:36
p15,c106,2,2026-09-19 15:16:36
p15,c247,3,2026-09-19 15:16:36
p15,c058,4,2026-09-19 15:16:36
p15,c126,5,2026-09-19 15:16:36
p15,c228,6,2026-09-19 15:16:36
p15,c224,7,2026-09-19 15:16:36
p15,c103,8,2026-09-19 15:16:36
p15,c278,9,2026-09-19 15:16:36
p15,c072,10,2026-09-19 15:16:36
p15,c099,11,2026-09-19 15:16:36
p15,c256,12,2026-09-19 15:16:36
p15,c164,13,2026-09-19 15:16:36
p15,c108,14,2026-09-19 15:16:36
p15,c175,15,2026-09-19 15:16:36
p15,c261,16,2026-09-19 15:16:36
p15,c203,17,2026-09-19 15:16:36
p15,c284,18,2026-09-19 15:16:36
p16,c036,1,2026-09-10 08:39:39
p16,c271,2,2026-09-10 08:39:39
p16,c179,3,2026-09-10 08:39:39
p16,c274,4,2026-09-10 08:39:39
p16,c001,5,2026-09-10 08:39:39
p16,c165,6,2026-09-10 08:39:39
p16,c093,7,2026-09-10 08:39:39
p16,c071,8,2026-09-10 08:39:39
p17,c194,1,2026-09-20 19:23:28
p17,c027,2,2026-09-20 19:23:28
p17,c122,3,2026-09-20 19:23:28
p17,c138,4,2026-09-20 19:23:28
p17,c215,5,2026-09-20 19:23:28
p17,c294,6,2026-09-20 19:23:28
p17,c045,7,2026-09-20 19:23:28
p17,c004,8,2026-09-20 19:23:28
p17,c063,9,2026-09-20 19:23:28
p17,c220,10,2026-09-20 19:23:28
p17,c003,11,2026-09-20 19:23:28
p18,c195,1,2026-09-07 06:40:09
p18,c085,2,2026-09-07 06:40:09
p18,c225,3,2026-09-07 06:40:09
p18,c038,4,2026-09-07 06:40:09
p18,c127,5,2026-09-07 06:40:09
p18,c078,6,2026-09-07 06:40:09
p18,c245,7,2026-09-07 06:40:09
p18,c118,8,2026-09-07 06:40:09
p18,c098,9,2026-09-07 06:40:09
p18,c258,10,2026-09-07 06:40:09
p18,c162,11,2026-09-07 06:40:09
p18,c214,12,2026-09-07 06:40:09
p19,c262,1,2026-09-02 09:41:35
p19,c135,2,2026-09-02 09:41:35
p19,c211,3,2026-09-02 09:41:35
p19,c064,4,2026-09-02 09:41:35
p19,c277,5,2026-09-02 09:41:35
p19,c015,6,2026-09-02 09:41:35
p19,c144,7,2026-09-02 09:41:35
p19,c189,8,2026-09-02 09:41:35
p19,c088,9,2026-09-02 09:41:35
p19,c045,10,2026-09-02 09:41:35
p19,c264,11,2026-09-02 09:41:35
p19,c255,12,2026-09-02 09:41:35
p19,c260,13,2026-09-02 09:41:35
p19,c179,14,2026-09-02 09:41:35
p19,c284,15,2026-09-02 09:41:35
p19,c080,16,2026-09-02 09:41:35
p19,c159,17,2026-09-02 09:41:35
p20,c124,1,2026-09-18 20:20:10
p20,c118,2,2026-09-18 20:20:10
p20,c129,3,2026-09-18 20:20:10
p20,c261,4,2026-09-18 20:20:10
p20,c062,5,2026-09-18 20:20:10
p20,c116,6,2026-09-18 20:20:10
p20,c278,7,2026-09-18 20:20:10
p20,c141,8,2026-09-18 20:20:10
p20,c205,9,2026-09-18 20:20:10
p20,c067,10,2026-09-18 20:20:10
p20,c070,11,2026-09-18 20:20:10
p20,c218,12,2026-09-18 20:20:10
p20,c133,13,2026-09-18 20:20:10
p20,c187,14,2026-09-18 20:20:10
p20,c170,15,2026-09-18 20:20:10
p20,c190,16,2026-09-18 20:20:10
p20,c222,17,2026-09-18 20:20:10
p21,c161,1,2026-09-20 20:08:54
p21,c156,2,2026-09-20 20:08:54
p21,c201,3,2026-09-20 20:08:54
p21,c013,4,2026-09-20 20:08:54
p21,c135,5,2026-09-20 20:08:54
p21,c300,6,2026-09-20 20:08:54
p21,c129,7,2026-09-20 20:08:54
p21,c011,8,2026-09-20 20:08:54
p21,c099,9,2026-09-20 20:08:54
p21,c236,10,2026-09-20 20:08:54
p21,c157,11,2026-09-20 20:08:54
p21,c061,12,2026-09-20 20:08:54
p21,c182,13,2026-09-20 20:08:54
p21,c078,14,2026-09-20 20:08:54
p21,c153,15,2026-09-20 20:08:54
p22,c214,1,2026-09-01 19:19:48
p22,c266,2,2026-09-01 19:19:48
p22,c020,3,2026-09-01 19:19:48
p22,c203,4,2026-09-01 19:19:48
p22,c164,5,2026-09-01 19:19:48
p22,c205,6,2026-09-01 19:19:48
p23,c097,1,2026-09-16 09:49:02
p23,c172,2,2026-09-16 09:49:02
p23,c224,3,2026-09-16 09:49:02
p23,c267,4,2026-09-16 09:49:02
p23,c046,5,2026-09-16 09:49:02
p23,c187,6,2026-09-16 09:49:02
p23,c271,7,2026-09-16 09:49:02
p23,c227,8,2026-09-16 09:49:02
p23,c263,9,2026-09-16 09:49:02
p23,c014,10,2026-09-16 09:49:02
p23,c060,11,2026-09-16 09:49:02
p23,c113,12,2026-09-16 09:49:02
p23,c213,13,2026-09-16 09:49:02
p23,c071,14,2026-09-16 09:49:02
p23,c133,15,2026-09-16 09:49:02
p23,c173,16,2026-09-16 09:49:02
p24,c129,1,2026-09-20 03:18:49
p24,c238,2,2026-09-20 03:18:49
p24,c121,3,2026-09-20 03:18:49
p24,c010,4,2026-09-20 03:18:49
p24,c150,5,2026-09-20 03:18:49
p24,c139,6,2026-09-20 03:18:49
p24,c043,7,2026-09-20 03:18:49
p24,c074,8,2026-09-20 03:18:49
p24,c230,9,2026-09-20 03:18:49
p24,c135,10,2026-09-20 03:18:49
p24,c264,11,2026-09-20 03:18:49
p24,c137,12,2026-09-20 03:18:49
p24,c234,13,2026-09-20 03:18:49
p25,c029,1,2026-09-07 21:46:13
p25,c243,2,2026-09-07 21:46:13
p25,c259,3,2026-09-07 21:46:13
p25,c088,4,2026-09-07 21:46:13
p25,c249,5,2026-09-07 21:46:13
p25,c150,6,2026-09-07 21:46:13
p25,c113,7,2026-09-07 21:46:13
p25,c096,8,2026-09-07 21:46:13
p25,c081,9,2026-09-07 21:46:13
p25,c119,10,2026-09-07 21:46:13
p25,c229,11,2026-09-07 21:46:13
p25,c251,12,2026-09-07 21:46:13
p25,c149,13,2026-09-07 21:46:13
p25,c159,14,2026-09-07 21:46:13
p25,c071,15,2026-09-07 21:46:13
p25,c186,16,2026-09-07 21:46:13
p25,c291,17,2026-09-07 21:46:13
p25,c255,18,2026-09-07 21:46:13
p26,c210,1,2026-09-27 14:13:48
p26,c075,2,2026-09-27 14:13:48
p26,c099,3,2026-09-27 14:13:48
p26,c060,4,2026-09-27 14:13:48
p26,c280,5,2026-09-27 14:13:48
p26,c206,6,2026-09-27 14:13:48
p26,c050,7,2026-09-27 14:13:48
p26,c248,8,2026-09-27 14:13:48
p26,c214,9,2026-09-27 14:13:48
p26,c209,10,2026-09-27 14:13:48
p26,c290,11,2026-09-27 14:13:48
p26,c001,12,2026-09-27 14:13:48
p26,c251,13,2026-09-27 14:13:48
p27,c043,1,2026-09-13 12:53:56
p27,c022,2,2026-09-13 12:53:56
p27,c205,3,2026-09-13 12:53:56
p27,c062,4,2026-09-13 12:53:56
p27,c119,5,2026-09-13 12:53:56
p27,c078,6,2026-09-13 12:53:56
p27,c215,7,2026-09-13 12:53:56
p27,c154,8,2026-09-13 12:53:56
p27,c230,9,2026-09-13 12:53:56
p27,c029,10,2026-09-13 12:53:56
p27,c125,11,2026-09-13 12:53:56
p27,c227,12,2026-09-13 12:53:56
p28,c187,1,2026-09-12 03:00:22
p28,c007,2,2026-09-12 03:00:22
p28,c191,3,2026-09-12 03:00:22
p28,c271,4,2026-09-12 03:00:22
p28,c206,5,2026-09-12 03:00:22
p28,c053,6,2026-09-12 03:00:22
p28,c261,7,2026-09-12 03:00:22
p28,c062,8,2026-09-12 03:00:22
p28,c207,9,2026-09-12 03:00:22
p28,c097,10,2026-09-12 03:00:22
p28,c009,11,2026-09-12 03:00:22
p28,c238,12,2026-09-12 03:00:22
p28,c056,13,2026-09-12 03:00:22
p28,c025,14,2026-09-12 03:00:22
p28,c114,15,2026-09-12 03:00:22
p28,c018,16,2026-09-12 03:00:22
p28,c209,17,2026-09-12 03:00:22
p28,c182,18,2026-09-12 03:00:22
p29,c092,1,2026-09-23 13:29:14
p29,c183,2,2026-09-23 13:29:14
p29,c080,3,2026-09-23 13:29:14
p29,c242,4,2026-09-23 13:29:14
p29,c205,5,2026-09-23 13:29:14
p29,c118,6,2026-09-23 13:29:14
p29,c053,7,2026-09-23 13:29:14
p29,c160,8,2026-09-23 13:29:14
p30,c025,1,2026-09-12 08:24:48
p30,c035,2,2026-09-12 08:24:48
p30,c017,3,2026-09-12 08:24:48
p30,c002,4,2026-09-12 08:24:48
p30,c157,5,2026-09-12 08:24:48
p30,c009,6,2026-09-12 08:24:48
p30,c098,7,2026-09-12 08:24:48
p30,c283,8,2026-09-12 08:24:48
p30,c239,9,2026-09-12 08:24:48
p30,c097,10,2026-09-12 08:24:48
p31,c225,1,2026-09-06 07:04:06
p31,c259,2,2026-09-06 07:04:06
p31,c222,3,2026-09-06 07:04:06
p31,c060,4,2026-09-06 07:04:06
p31,c167,5,2026-09-06 07:04:06
p31,c087,6,2026-09-06 07:04:06
p31,c199,7,2026-09-06 07:04:06
p31,c025,8,2026-09-06 07:04:06
p31,c012,9,2026-09-06 07:04:06
p31,c144,10,2026-09-06 07:04:06
p31,c216,11,2026-09-06 07:04:06
p31,c083,12,2026-09-06 07:04:06
p31,c068,13,2026-09-06 07:04:06
p31,c295,14,2026-09-06 07:04:06
p31,c239,15,2026-09-06 07:04:06
p31,c223,16,2026-09-06 07:04:06
p31,c231,17,2026-09-06 07:04:06
p32,c133,1,2026-09-28 14:36:11
p32,c033,2,2026-09-28 14:36:11
p32,c066,3,2026-09-28 14:36:11
p32,c248,4,2026-09-28 14:36:11
p32,c013,5,2026-09-28 14:36:11
p33,c030,1,2026-09-05 17:27:50
p33,c129,2,2026-09-05 17:27:50
p33,c095,3,2026-09-05 17:27:50
p33,c035,4,2026-09-05 17:27:50
p33,c263,5,2026-09-05 17:27:50
p33,c253,6,2026-09-05 17:27:50
p33,c033,7,2026-09-05 17:27:50
p33,c220,8,2026-09-05 17:27:50
p33,c022,9,2026-09-05 17:27:50
p33,c063,10,2026-09-05 17:27:50
p33,c261,11,2026-09-05 17:27:50
p33,c137,12,2026-09-05 17:27:50
p33,c008,13,2026-09-05 17:27:50
p33,c143,14,2026-09-05 17:27:50
p33,c117,15,2026-09-05 17:27:50
p34,c059,1,2026-09-27 12:11:28
p34,c115,2,2026-09-27 12:11:28
p34,c208,3,2026-09-27 12:11:28
p34,c043,4,2026-09-27 12:11:28
p34,c236,5,2026-09-27 12:11:28
p34,c130,6,2026-09-27 12:11:28
p34,c231,7,2026-09-27 12:11:28
p34,c177,8,2026-09-27 12:11:28
p34,c200,9,2026-09-27 12:11:28
p34,c152,10,2026-09-27 12:11:28
p34,c178,11,2026-09-27 12:11:28
p35,c262,1,2026-09-20 18:22:13
p35,c078,2,2026-09-20 18:22:13
p35,c153,3,2026-09-20 18:22:13
p35,c082,4,2026-09-20 18:22:13
p35,c172,5,2026-09-20 18:22:13
p35,c119,6,2026-09-20 18:22:13
p35,c041,7,2026-09-20 18:22:13
p35,c297,8,2026-09-20 18:22:13
p35,c197,9,2026-09-20 18:22:13
p35,c169,10,2026-09-20 18:22:13
p35,c235,11,2026-09-20 18:22:13
p35,c050,12,2026-09-20 18:22:13
p36,c213,1,2026-09-03 20:59:48
p36,c011,2,2026-09-03 20:59:48
p36,c174,3,2026-09-03 20:59:48
p36,c264,4,2026-09-03 20:59:48
p36,c165,5,2026-09-03 20:59:48
p36,c116,6,2026-09-03 20:59:48
p36,c197,7,2026-09-03 20:59:48
p37,c041,1,2026-09-05 14:32:16
p37,c083,2,2026-09-05 14:32:16
p37,c160,3,2026-09-05 14:32:16
p37,c196,4,2026-09-05 14:32:16
p37,c182,5,2026-09-05 14:32:16
p37,c190,6,2026-09-05 14:32:16
p37,c062,7,2026-09-05 14:32:16
p37,c010,8,2026-09-05 14:32:16
p37,c004,9,2026-09-05 14:32:16
p37,c286,10,2026-09-05 14:32:16
p37,c247,11,2026-09-05 14:32:16
p38,c264,1,2026-09-24 16:17:35
p38,c246,2,2026-09-24 16:17:35
p38,c225,3,2026-09-24 16:17:35
p38,c044,4,2026-09-24 16:17:35
p38,c121,5,2026-09-24 16:17:35
p38,c042,6,2026-09-24 16:17:35
p38,c048,7,2026-09-24 16:17:35
p38,c261,8,2026-09-24 16:17:35
p38,c298,9,2026-09-24 16:17:35
p38,c098,10,2026-09-24 16:17:35
p38,c174,11,2026-09-24 16:17:35
p38,c071,12,2026-09-24 16:17:35
p38,c068,13,2026-09-24 16:17:35
p39,c233,1,2026-09-01 19:05:54
p39,c082,2,2026-09-01 19:05:54
p39,c207,3,2026-09-01 19:05:54
p39,c012,4,2026-09-01 19:05:54
p39,c287,5,2026-09-01 19:05:54
p39,c070,6,2026-09-01 19:05:54
p39,c114,7,2026-09-01 19:05:54
p39,c168,8,2026-09-01 19:05:54
p39,c054,9,2026-09-01 19:05:54
p39,c075,10,2026-09-01 19:05:54
p39,c104,11,2026-09-01 19:05:54
p40,c206,1,2026-09-16 08:01:01
p40,c149,2,2026-09-16 08:01:01
p40,c066,3,2026-09-16 08:01:01
p40,c090,4,2026-09-16 08:01:01
p40,c212,5,2026-09-16 08:01:01
p40,c266,6,2026-09-16 08:01:01
p40,c143,7,2026-09-16 08:01:01
p40,c259,8,2026-09-16 08:01:01
p40,c198,9,2026-09-16 08:01:01
p41,c118,1,2026-09-14 12:23:13
p41,c080,2,2026-09-14 12:23:13
p41,c074,3,2026-09-14 12:23:13
p41,c235,4,2026-09-14 12:23:13
p41,c292,5,2026-09-14 12:23:13
p41,c288,6,2026-09-14 12:23:13
p41,c173,7,2026-09-14 12:23:13
p41,c205,8,2026-09-14 12:23:13
p41,c241,9,2026-09-14 12:23:13
p41,c055,10,2026-09-14 12:23:13
p41,c092,11,2026-09-14 12:23:13
p42,c220,1,2026-09-01 11:59:14
p42,c057,2,2026-09-01 11:59:14
p42,c144,3,2026-09-01 11:59:14
p42,c251,4,2026-09-01 11:59:14
p42,c143,5,2026-09-01 11:59:14
p42,c078,6,2026-09-01 11:59:14
p42,c067,7,2026-09-01 11:59:14
p42,c176,8,2026-09-01 11:59:14
p42,c030,9,2026-09-01 11:59:14
p42,c081,10,2026-09-01 11:59:14
p43,c183,1,2026-09-06 07:39:15
p43,c087,2,2026-09-06 07:39:15
p43,c213,3,2026-09-06 07:39:15
p43,c206,4,2026-09-06 07:39:15
p43,c096,5,2026-09-06 07:39:15
p43,c273,6,2026-09-06 07:39:15
p43,c161,7,2026-09-06 07:39:15
p43,c063,8,2026-09-06 07:39:15
p43,c232,9,2026-09-06 07:39:15
p43,c043,10,2026-09-06 07:39:15
p43,c016,11,2026-09-06 07:39:15
p43,c118,12,2026-09-06 07:39:15
p43,c028,13,2026-09-06 07:39:15
p43,c103,14,2026-09-06 07:39:15
p43,c150,15,2026-09-06 07:39:15
p43,c270,16,2026-09-06 07:39:15
p43,c266,17,2026-09-06 07:39:15
p43,c181,18,2026-09-06 07:39:15
p44,c042,1,2026-09-08 16:44:41
p44,c060,2,2026-09-08 16:44:41
p44,c214,3,2026-09-08 16:44:41
p44,c096,4,2026-09-08 16:44:41
p44,c180,5,2026-09-08 16:44:41
p44,c031,6,2026-09-08 16:44:41
p44,c085,7,2026-09-08 16:44:41
p44,c011,8,2026-09-08 16:44:41
p44,c049,9,2026-09-08 16:44:41
p44,c079,10,2026-09-08 16:44:41
p44,c023,11,2026-09-08 16:44:41
p44,c203,12,2026-09-08 16:44:41
p44,c115,13,2026-09-08 16:44:41
p44,c271,14,2026-09-08 16:44:41
p44,c229,15,2026-09-08 16:44:41
p44,c150,16,2026-09-08 16:44:41
p44,c196,17,2026-09-08 16:44:41
p45,c199,1,2026-09-26 23:51:14
p45,c002,2,2026-09-26 23:51:14
p45,c235,3,2026-09-26 23:51:14
p45,c217,4,2026-09-26 23:51:14
p45,c202,5,2026-09-26 23:51:14
p45,c273,6,2026-09-26 23:51:14
p45,c185,7,2026-09-26 23:51:14
p45,c289,8,2026-09-26 23:51:14
p45,c093,9,2026-09-26 23:51:14
p45,c181,10,2026-09-26 23:51:14
p46,c065,1,2026-09-19 15:44:29
p46,c173,2,2026-09-19 15:44:29
p46,c113,3,2026-09-19 15:44:29
p46,c199,4,2026-09-19 15:44:29
p46,c119,5,2026-09-19 15:44:29
p46,c247,6,2026-09-19 15:44:29
p46,c197,7,2026-09-19 15:44:29
p46,c135,8,2026-09-19 15:44:29
p46,c187,9,2026-09-19 15:44:29
p46,c279,10,2026-09-19 15:44:29
p46,c062,11,2026-09-19 15:44:29
p46,c130,12,2026-09-19 15:44:29
p46,c170,13,2026-09-19 15:44:29
p46,c052,14,2026-09-19 15:44:29
p46,c224,15,2026-09-19 15:44:29
p47,c221,1,2026-09-05 16:29:21
p47,c180,2,2026-09-05 16:29:21
p47,c157,3,2026-09-05 16:29:21
p47,c097,4,2026-09-05 16:29:21
p47,c211,5,2026-09-05 16:29:21
p47,c129,6,2026-09-05 16:29:21
p47,c285,7,2026-09-05 16:29:21
p47,c085,8,2026-09-05 16:29:21
p47,c279,9,2026-09-05 16:29:21
p47,c146,10,2026-09-05 16:29:21
p47,c238,11,2026-09-05 16:29:21
p47,c225,12,2026-09-05 16:29:21
p47,c224,13,2026-09-05 16:29:21
p47,c039,14,2026-09-05 16:29:21
p48,c264,1,2026-09-20 07:11:59
p48,c156,2,2026-09-20 07:11:59
p48,c224,3,2026-09-20 07:11:59
p48,c033,4,2026-09-20 07:11:59
p48,c299,5,2026-09-20 07:11:59
p48,c183,6,2026-09-20 07:11:59
p48,c126,7,2026-09-20 07:11:59
p48,c274,8,2026-09-20 07:11:59
p48,c073,9,2026-09-20 07:11:59
p48,c015,10,2026-09-20 07:11:59
p48,c193,11,2026-09-20 07:11:59
p48,c280,12,2026-09-20 07:11:59
p48,c144,13,2026-09-20 07:11:59
p48,c035,14,2026-09-20 07:11:59
p48,c244,15,2026-09-20 07:11:59
p48,c059,16,2026-09-20 07:11:59
p48,c238,17,2026-09-20 07:11:59
p49,c108,1,2026-09-19 17:53:20
p49,c148,2,2026-09-19 17:53:20
p49,c075,3,2026-09-19 17:53:20
p49,c015,4,2026-09-19 17:53:20
p49,c222,5,2026-09-19 17:53:20
p49,c170,6,2026-09-19 17:53:20
p50,c262,1,2026-09-28 17:49:36
p50,c176,2,2026-09-28 17:49:36
p50,c003,3,2026-09-28 17:49:36
p50,c164,4,2026-09-28 17:49:36
p50,c047,5,2026-09-28 17:49:36
p50,c185,6,2026-09-28 17:49:36
p50,c236,7,2026-09-28 17:49:36
p51,c198,1,2026-09-25 20:59:47
p51,c140,2,2026-09-25 20:59:47
p51,c231,3,2026-09-25 20:59:47
p51,c125,4,2026-09-25 20:59:47
p51,c082,5,2026-09-25 20:59:47
p51,c022,6,2026-09-25 20:59:47
p51,c021,7,2026-09-25 20:59:47
p51,c235,8,2026-09-25 20:59:47
p52,c251,1,2026-09-27 06:42:53
p52,c102,2,2026-09-27 06:42:53
p52,c153,3,2026-09-27 06:42:53
p52,c140,4,2026-09-27 06:42:53
p52,c100,5,2026-09-27 06:42:53
p52,c155,6,2026-09-27 06:42:53
p52,c055,7,2026-09-27 06:42:53
p52,c296,8,2026-09-27 06:42:53
p52,c002,9,2026-09-27 06:42:53
p52,c003,10,2026-09-27 06:42:53
p52,c068,11,2026-09-27 06:42:53
p52,c037,12,2026-09-27 06:42:53
p53,c077,1,2026-09-12 19:38:21
p53,c138,2,2026-09-12 19:38:21
p53,c012,3,2026-09-12 19:38:21
p53,c279,4,2026-09-12 19:38:21
p53,c067,5,2026-09-12 19:38:21
p54,c294,1,2026-09-15 11:48:42
p54,c174,2,2026-09-15 11:48:42
p54,c253,3,2026-09-15 11:48:42
p54,c085,4,2026-09-15 11:48:42
p54,c175,5,2026-09-15 11:48:42
p54,c143,6,2026-09-15 11:48:42
p54,c080,7,2026-09-15 11:48:42
p54,c193,8,2026-09-15 11:48:42
p54,c188,9,2026-09-15 11:48:42
p54,c009,10,2026-09-15 11:48:42
p54,c052,11,2026-09-15 11:48:42
p54,c045,12,2026-09-15 11:48:42
p54,c287,13,2026-09-15 11:48:42
p55,c022,1,2026-09-20 15:02:09
p55,c285,2,2026-09-20 15:02:09
p55,c168,3,2026-09-20 15:02:09
p55,c125,4,2026-09-20 15:02:09
p55,c220,5,2026-09-20 15:02:09
p55,c143,6,2026-09-20 15:02:09
p55,c196,7,2026-09-20 15:02:09
p55,c191,8,2026-09-20 15:02:09
p56,c229,1,2026-09-10 13:13:36
p56,c115,2,2026-09-10 13:13:36
p56,c267,3,2026-09-10 13:13:36
p56,c294,4,2026-09-10 13:13:36
p56,c169,5,2026-09-10 13:13:36
p56,c107,6,2026-09-10 13:13:36
p56,c213,7,2026-09-10 13:13:36
p56,c015,8,2026-09-10 13:13:36
p56,c072,9,2026-09-10 13:13:36
p56,c100,10,2026-09-10 13:13:36
p56,c170,11,2026-09-10 13:13:36
p56,c040,12,2026-09-10 13:13:36
p56,c238,13,2026-09-10 13:13:36
p56,c085,14,2026-09-10 13:13:36
p56,c248,15,2026-09-10 13:13:36
p57,c077,1,2026-09-24 17:46:32
p57,c080,2,2026-09-24 17:46:32
p57,c218,3,2026-09-24 17:46:32
p57,c279,4,2026-09-24 17:46:32
p57,c233,5,2026-09-24 17:46:32
p57,c117,6,2026-09-24 17:46:32
p57,c250,7,2026-09-24 17:46:32
p58,c019,1,2026-09-18 23:39:26
p58,c209,2,2026-09-18 23:39:26
p58,c016,3,2026-09-18 23:39:26
p58,c092,4,2026-09-18 23:39:26
p58,c002,5,2026-09-18 23:39:26
p58,c245,6,2026-09-18 23:39:26
p58,c118,7,2026-09-18 23:39:26
p58,c293,8,2026-09-18 23:39:26
p58,c232,9,2026-09-18 23:39:26
p59,c230,1,2026-09-30 08:36:17
p59,c007,2,2026-09-30 08:36:17
p59,c083,3,2026-09-30 08:36:17
p59,c159,4,2026-09-30 08:36:17
p59,c134,5,2026-09-30 08:36:17
p59,c012,6,2026-09-30 08:36:17
p59,c017,7,2026-09-30 08:36:17
p59,c048,8,2026-09-30 08:36:17
p59,c251,9,2026-09-30 08:36:17
p59,c115,10,2026-09-30 08:36:17
p59,c155,11,2026-09-30 08:36:17
p59,c095,12,2026-09-30 08:36:17
p59,c299,13,2026-09-30 08:36:17
p60,c041,1,2026-09-13 12:07:24
p60,c134,2,2026-09-13 12:07:24
p60,c046,3,2026-09-13 12:07:24
p60,c148,4,2026-09-13 12:07:24
p60,c154,5,2026-09-13 12:07:24
p60,c220,6,2026-09-13 12:07:24
p60,c006,7,2026-09-13 12:07:24
p60,c162,8,2026-09-13 12:07:24
p60,c265,9,2026-09-13 12:07:24
p60,c223,10,2026-09-13 12:07:24
