alerta_id,sensor_id,generada_en,nivel,mensaje
1,se031,2026-09-10 14:46:37,alta,temperatura fuera de rango: 34.95
2,se011,2026-09-05 12:15:46,crítica,vibracion fuera de rango: 11.98
3,se006,2026-09-11 08:07:22,crítica,temperatura fuera de rango: 34.98
4,se028,2026-09-16 21:45:06,crítica,temperatura fuera de rango: 34.95
5,se014,2026-09-09 07:30:13,crítica,humedad fuera de rango: 89.88
6,se054,2026-09-23 20:43:30,media,vibracion fuera de rango: 11.99
7,se038,2026-09-13 17:04:35,media,temperatura fuera de rango: 34.89
8,se060,2026-09-10 08:23:48,crítica,temperatura fuera de rango: 34.98
9,se055,2026-09-23 08:25:48,media,humedad fuera de rango: 89.68
10,se019,2026-09-17 15:26:35,media,presion fuera de rango: 1029.78
11,se057,2026-09-24 17:15:24,crítica,humedad fuera de rango: 89.62
12,se059,2026-09-12 20:59:20,media,presion fuera de rango: 1029.97
13,se034,2026-09-26 22:13:37,crítica,vibracion fuera de rango: 11.94
14,se054,2026-09-10 17:06:50,crítica,vibracion fuera de rango: 11.99
15,se050,2026-09-01 06:40:32,media,humedad fuera de rango: 89.83
16,se004,2026-09-27 19:34:34,crítica,presion fuera de rango: 1029.63
17,se034,2026-09-06 19:54:22,alta,vibracion fuera de rango: 11.93
18,se007,2026-09-19 13:13:50,media,vibracion fuera de rango: 11.91
19,se031,2026-09-24 21:47:20,alta,temperatura fuera de rango: 34.94
20,se003,2026-09-08 17:25:36,media,presion fuera de rango: 1029.9
21,se020,2026-09-12 13:15:56,alta,vibracion fuera de rango: 11.95
22,se004,2026-09-14 02:40:31,alta,presion fuera de rango: 1029.93
23,se048,2026-09-14 07:48:19,media,humedad fuera de rango: 89.65
24,se045,2026-09-22 04:47:21,media,vibracion fuera de rango: 11.94
25,se002,2026-09-15 02:45:59,crítica,humedad fuera de rango: 89.53
26,se012,2026-09-22 12:18:22,crítica,humedad fuera de rango: 89.61
27,se022,2026-09-14 19:56:50,media,temperatura fuera de rango: 34.91
28,se018,2026-09-24 17:58:55,media,presion fuera de rango: 1029.78
29,se026,2026-09-06 20:35:26,media,vibracion fuera de rango: 11.91
30,se002,2026-09-03 18:20:09,media,humedad fuera de rango: 89.69
31,se012,2026-09-09 16:03:36,crítica,humedad fuera de rango: 89.93
32,se016,2026-09-02 12:12:21,alta,vibracion fuera de rango: 11.95
33,se058,2026-09-02 13:48:57,media,humedad fuera de rango: 89.88
34,se019,2026-09-24 02:39:20,crítica,presion fuera de rango: 1029.63
35,se032,2026-09-14 22:37:53,crítica,vibracion fuera de rango: 11.98
36,se036,2026-09-03 13:06:16,alta,presion fuera de rango: 1029.82
37,se025,2026-09-12 07:27:39,media,humedad fuera de rango: 89.84
38,se028,2026-09-30 14:48:24,crítica,temperatura fuera de rango: 34.94
39,se022,2026-09-21 08:19:44,crítica,temperatura fuera de rango: 35.0
40,se004,2026-09-18 09:24:59,media,presion fuera de rango: 1029.63
41,se004,2026-09-14 16:57:04,crítica,presion fuera de rango: 1029.84
42,se015,2026-09-29 13:20:19,crítica,humedad fuera de rango: 89.56
43,se025,2026-09-02 20:19:47,media,humedad fuera de rango: 89.81
44,se033,2026-09-11 22:52:35,alta,humedad fuera de rango: 89.58
45,se037,2026-09-22 09:31:25,crítica,temperatura fuera de rango: 34.98
46,se042,2026-09-25 15:33:48,alta,humedad fuera de rango: 89.94
47,se053,2026-09-05 00:16:54,media,vibracion fuera de rango: 12.0
48,se005,2026-09-14 16:15:01,media,temperatura fuera de rango: 34.9
49,se031,2026-09-24 12:48:32,alta,temperatura fuera de rango: 34.95
50,se033,2026-09-25 18:42:22,crítica,humedad fuera de rango: 89.64
51,se047,2026-09-18 16:21:39,media,vibracion fuera de rango: 11.98
52,se043,2026-09-19 11:26:13,media,temperatura fuera de rango: 34.91
53,se027,2026-09-01 17:08:01,alta,vibracion fuera de rango: 11.97
54,se006,2026-09-05 13:44:31,crítica,temperatura fuera de rango: 34.97
55,se026,2026-09-09 11:28:14,crítica,vibracion fuera de rango: 11.97
56,se044,2026-09-18 18:59:18,media,presion fuera de rango: 1029.79
57,se021,2026-09-22 15:59:28,alta,vibracion fuera de rango: 11.97
58,se012,2026-09-26 12:18:17,alta,humedad fuera de rango: 89.79
59,se048,2026-09-28 18:33:00,crítica,humedad fuera de rango: 89.81
60,se028,2026-09-17 08:49:46,alta,temperatura fuera de rango: 34.95
61,se049,2026-09-16 10:43:36,crítica,vibracion fuera de rango: 11.93
62,se020,2026-09-21 02:58:23,crítica,vibracion fuera de rango: 11.95
63,se038,2026-09-23 15:07:35,crítica,temperatura fuera de rango: 34.98
64,se037,2026-09-24 22:41:42,crítica,temperatura fuera de rango: 34.92
65,se052,2026-09-03 10:00:42,media,presion fuera de rango: 1029.88
66,se056,2026-09-07 09:10:20,crítica,presion fuera de rango: 1029.91
67,se032,2026-09-25 18:17:07,alta,vibracion fuera de rango: 11.95
68,se059,2026-09-05 12:39:11,alta,presion fuera de rango: 1029.86
69,se035,2026-09-06 18:51:24,alta,temperatura fuera de rango: 34.9
70,se013,2026-09-10 12:37:07,crítica,presion fuera de rango: 1029.9
71,se011,2026-09-25 17:26:50,crítica,vibracion fuera de rango: 11.95
72,se032,2026-09-27 15:19:46,crítica,vibracion fuera de rango: 11.97
73,se045,2026-09-21 09:55:33,crítica,vibracion fuera de rango: 11.97
74,se037,2026-09-05 06:03:30,media,temperatura fuera de rango: 34.9
75,se054,2026-09-20 08:07:18,alta,vibracion fuera de rango: 11.99
76,se034,2026-09-19 08:07:10,media,vibracion fuera de rango: 11.97
77,se028,2026-09-22 13:43:29,alta,temperatura fuera de rango: 34.99
78,se041,2026-09-21 07:05:09,alta,temperatura fuera de rango: 34.96
79,se054,2026-09-04 14:09:45,crítica,vibracion fuera de rango: 11.99
80,se022,2026-09-21 12:48:00,crítica,temperatura fuera de rango: 34.97
81,se020,2026-09-16 22:41:11,media,vibracion fuera de rango: 11.92
82,se007,2026-09-15 09:50:19,media,vibracion fuera de rango: 11.92
83,se010,2026-09-30 13:34:21,crítica,presion fuera de rango: 1029.8
84,se035,2026-09-30 11:30:18,alta,temperatura fuera de rango: 34.93
85,se032,2026-09-11 12:34:02,crítica,vibracion fuera de rango: 11.93
86,se021,2026-09-07 20:15:21,alta,vibracion fuera de rango: 11.97
87,se034,2026-09-22 19:24:55,crítica,vibracion fuera de rango: 11.92
88,se012,2026-09-30 15:43:02,media,humedad fuera de rango: 89.83
89,se016,2026-09-04 17:24:31,alta,vibracion fuera de rango: 11.92
90,se056,2026-09-03 09:44:45,crítica,presion fuera de rango: 1029.78
91,se053,2026-09-30 17:53:23,crítica,vibracion fuera de rango: 11.94
92,se036,2026-09-05 10:01:49,crítica,presion fuera de rango: 1029.85
93,se034,2026-09-28 17:10:04,crítica,vibracion fuera de rango: 11.98
94,se038,2026-09-10 11:19:21,alta,temperatura fuera de rango: 34.98
95,se013,2026-09-08 20:51:19,alta,presion fuera de rango: 1029.92
96,se018,2026-09-02 05:39:21,crítica,presion fuera de rango: 1029.68
97,se015,2026-09-21 07:10:45,crítica,humedad fuera de rango: 89.8
98,se053,2026-09-17 20:33:09,alta,vibracion fuera de rango: 11.96
99,se036,2026-09-08 09:08:31,media,presion fuera de rango: 1029.97
100,se057,2026-09-23 22:49:28,crítica,humedad fuera de rango: 89.7
101,se009,2026-09-06 08:24:09,alta,presion fuera de rango: 1029.72
102,se055,2026-09-14 16:15:00,alta,humedad fuera de rango: 89.9
103,se050,2026-09-23 17:25:59,alta,humedad fuera de rango: 89.9
104,se007,2026-09-15 14:59:15,crítica,vibracion fuera de rango: 11.91
105,se039,2026-09-21 05:54:56,media,vibracion fuera de rango: 11.92
106,se049,2026-09-08 06:38:18,alta,vibracion fuera de rango: 12.0
107,se009,2026-09-03 07:34:40,media,presion fuera de rango: 1029.74
108,se059,2026-09-06 15:52:49,media,presion fuera de rango: 1029.83
109,se021,2026-09-11 15:49:24,alta,vibracion fuera de rango: 11.94
110,se040,2026-09-18 08:39:17,crítica,presion fuera de rango: 1029.74
111,se003,2026-09-14 19:56:31,crítica,presion fuera de rango: 1029.95
112,se027,2026-09-12 16:33:01,alta,vibracion fuera de rango: 11.94
113,se021,2026-09-03 20:21:26,crítica,vibracion fuera de rango: 11.92
114,se017,2026-09-23 19:14:12,alta,vibracion fuera de rango: 11.91
115,se054,2026-09-17 19:51:03,alta,vibracion fuera de rango: 11.93
116,se039,2026-09-04 19:16:03,crítica,vibracion fuera de rango: 11.97
117,se043,2026-09-15 15:29:54,crítica,temperatura fuera de rango: 34.96
118,se030,2026-09-13 18:04:42,alta,vibracion fuera de rango: 11.99
119,se012,2026-09-25 13:15:18,media,humedad fuera de rango: 89.63
120,se053,2026-09-27 04:24:26,alta,vibracion fuera de rango: 12.0
121,se040,2026-09-19 13:05:08,alta,presion fuera de rango: 1029.87
122,se057,2026-09-20 14:21:58,crítica,humedad fuera de rango: 89.57
123,se043,2026-09-18 09:38:25,media,temperatura fuera de rango: 34.89
124,se052,2026-09-01 12:29:48,crítica,presion fuera de rango: 1029.87
125,se006,2026-09-05 19:22:01,media,temperatura fuera de rango: 35.0
126,se001,2026-09-20 15:49:35,media,humedad fuera de rango: 89.82
127,se015,2026-09-22 08:54:25,alta,humedad fuera de rango: 89.82
128,se037,2026-09-24 21:02:12,media,temperatura fuera de rango: 34.95
129,se004,2026-09-18 15:30:30,crítica,presion fuera de rango: 1030.0
130,se029,2026-09-23 08:44:43,media,humedad fuera de rango: 89.84
131,se024,2026-09-25 13:31:23,crítica,presion fuera de rango: 1029.99
132,se009,2026-09-29 18:10:37,media,presion fuera de rango: 1029.61
133,se017,2026-09-20 04:37:17,media,vibracion fuera de rango: 11.95
134,se025,2026-09-03 16:51:05,crítica,humedad fuera de rango: 89.54
135,se018,2026-09-21 08:23:22,crítica,presion fuera de rango: 1029.72
136,se054,2026-09-11 19:04:49,media,vibracion fuera de rango: 11.98
137,se034,2026-09-21 10:45:07,media,vibracion fuera de rango: 11.96
138,se035,2026-09-04 19:08:41,media,temperatura fuera de rango: 34.99
139,se027,2026-09-08 12:21:06,crítica,vibracion fuera de rango: 11.92
140,se021,2026-09-08 15:58:33,crítica,vibracion fuera de rango: 11.96
141,se001,2026-09-09 15:45:38,media,humedad fuera de rango: 89.53
142,se019,2026-09-17 00:27:23,media,presion fuera de rango: 1029.91
143,se024,2026-09-28 11:29:22,alta,presion fuera de rango: 1029.71
144,se006,2026-09-06 11:12:47,media,temperatura fuera de rango: 34.92
145,se055,2026-09-21 20:45:22,alta,humedad fuera de rango: 89.79
146,se040,2026-09-06 21:10:31,crítica,presion fuera de rango: 1029.71
147,se041,2026-09-03 21:30:51,alta,temperatura fuera de rango: 34.87
148,se024,2026-09-19 19:56:28,media,presion fuera de rango: 1029.69
149,se033,2026-09-10 15:57:45,alta,humedad fuera de rango: 89.72
150,se019,2026-09-10 21:59:45,alta,presion fuera de rango: 1029.72
151,se053,2026-09-11 18:10:00,crítica,vibracion fuera de rango: 11.98
152,se059,2026-09-04 19:52:16,alta,presion fuera de rango: 1029.68
153,se021,2026-09-20 18:23:04,crítica,vibracion fuera de rango: 11.98
154,se051,2026-09-30 21:02:08,crítica,presion fuera de rango: 1029.69
155,se033,2026-09-07 18:07:30,alta,humedad fuera de rango: 89.56
156,se014,2026-09-29 01:59:11,alta,humedad fuera de rango: 89.66
157,se050,2026-09-24 21:29:05,media,humedad fuera de rango: 89.61
158,se027,2026-09-01 11:37:27,crítica,vibracion fuera de rango: 11.91
159,se027,2026-09-10 12:05:49,media,vibracion fuera de rango: 11.95
160,se020,2026-09-13 16:21:17,crítica,vibracion fuera de rango: 11.99
161,se027,2026-09-03 17:04:59,media,vibracion fuera de rango: 12.0
162,se059,2026-09-21 16:35:45,media,presion fuera de rango: 1029.87
163,se018,2026-09-13 13:49:58,crítica,presion fuera de rango: 1029.62
164,se051,2026-09-17 15:14:41,crítica,presion fuera de rango: 1029.67
165,se025,2026-09-10 05:26:18,alta,humedad fuera de rango: 89.95
166,se031,2026-09-25 19:17:05,alta,temperatura fuera de rango: 34.99
167,se004,2026-09-12 09:39:29,crítica,presion fuera de rango: 1029.74
168,se039,2026-09-06 06:35:56,alta,vibracion fuera de rango: 11.94
169,se029,2026-09-03 18:06:13,crítica,humedad fuera de rango: 89.61
170,se039,2026-09-08 17:18:12,alta,vibracion fuera de rango: 11.92
171,se021,2026-09-04 20:50:04,media,vibracion fuera de rango: 11.97
172,se060,2026-09-28 21:18:58,crítica,temperatura fuera de rango: 34.88
173,se041,2026-09-19 13:20:06,crítica,temperatura fuera de rango: 34.92
174,se022,2026-09-04 12:22:35,media,temperatura fuera de rango: 34.95
175,se034,2026-09-23 08:18:16,crítica,vibracion fuera de rango: 11.94
176,se033,2026-09-22 09:44:06,media,humedad fuera de rango: 89.99
177,se049,2026-09-21 07:01:06,media,vibracion fuera de rango: 11.91
178,se054,2026-09-18 20:26:52,alta,vibracion fuera de rango: 11.96
179,se038,2026-09-12 10:16:02,crítica,temperatura fuera de rango: 34.88
180,se011,2026-09-10 18:13:54,crítica,vibracion fuera de rango: 11.93
181,se032,2026-09-06 07:49:23,media,vibracion fuera de rango: 11.92
182,se023,2026-09-02 18:51:02,alta,presion fuera de rango: 1029.7
183,se029,2026-09-14 16:42:47,media,humedad fuera de rango: 89.76
184,se027,2026-09-03 17:08:34,alta,vibracion fuera de rango: 11.91
185,se053,2026-09-25 13:25:22,crítica,vibracion fuera de rango: 11.92
186,se027,2026-09-01 11:00:43,crítica,vibracion fuera de rango: 11.91
187,se041,2026-09-05 05:34:53,alta,temperatura fuera de rango: 34.94
188,se031,2026-09-15 14:32:04,crítica,temperatura fuera de rango: 34.93
189,se040,2026-09-25 22:35:41,alta,presion fuera de rango: 1029.78
190,se038,2026-09-15 04:44:10,media,temperatura fuera de rango: 34.93
191,se037,2026-09-03 09:40:42,crítica,temperatura fuera de rango: 34.97
192,se051,2026-09-21 20:21:36,media,presion fuera de rango: 1029.62
193,se028,2026-09-03 13:41:07,crítica,temperatura fuera de rango: 34.87
194,se016,2026-09-05 14:19:30,media,vibracion fuera de rango: 11.93
195,se042,2026-09-12 17:21:35,alta,humedad fuera de rango: 89.8
196,se001,2026-09-11 15:52:54,media,humedad fuera de rango: 89.76
197,se047,2026-09-20 14:30:52,crítica,vibracion fuera de rango: 11.96
198,se038,2026-09-03 08:18:38,media,temperatura fuera de rango: 34.89
199,se050,2026-09-30 00:24:47,media,humedad fuera de rango: 89.58
200,se033,2026-09-09 17:45:35,alta,humedad fuera de rango: 89.56
201,se043,2026-09-17 16:56:22,media,temperatura fuera de rango: 34.95
202,se052,2026-09-06 10:19:43,crítica,presion fuera de rango: 1029.86
203,se026,2026-09-13 06:38:43,crítica,vibracion fuera de rango: 11.94
204,se057,2026-09-04 19:02:30,media,humedad fuera de rango: 89.6
205,se022,2026-09-19 05:05:35,alta,temperatura fuera de rango: 34.97
206,se010,2026-09-02 05:35:41,crítica,presion fuera de rango: 1029.7
207,se012,2026-09-12 15:27:32,alta,humedad fuera de rango: 89.85
208,se034,2026-09-04 09:50:58,alta,vibracion fuera de rango: 11.99
209,se056,2026-09-08 12:06:15,alta,presion fuera de rango: 1029.62
210,se051,2026-09-12 11:13:06,crítica,presion fuera de rango: 1029.67
211,se008,2026-09-17 18:24:57,media,vibracion fuera de rango: 11.94
212,se016,2026-09-19 08:35:16,alta,vibracion fuera de rango: 11.97
213,se009,2026-09-12 18:54:39,crítica,presion fuera de rango: 1029.73
214,se051,2026-09-05 03:39:23,media,presion fuera de rango: 1029.83
215,se048,2026-09-15 12:59:49,media,humedad fuera de rango: 89.81
216,se011,2026-09-20 13:25:01,crítica,vibracion fuera de rango: 11.99
217,se016,2026-09-12 12:56:30,media,vibracion fuera de rango: 11.99
218,se038,2026-09-22 12:37:14,alta,temperatura fuera de rango: 34.95
219,se011,2026-09-15 15:16:48,alta,vibracion fuera de rango: 11.99
220,se050,2026-09-28 14:35:55,crítica,humedad fuera de rango: 89.54
221,se010,2026-09-29 19:41:08,crítica,presion fuera de rango: 1029.98
222,se036,2026-09-20 02:57:40,media,presion fuera de rango: 1029.76
223,se045,2026-09-29 10:25:46,crítica,vibracion fuera de rango: 11.94
224,se049,2026-09-22 16:54:23,media,vibracion fuera de rango: 11.96
225,se010,2026-09-30 16:06:03,media,presion fuera de rango: 1029.71
226,se017,2026-09-28 18:40:55,crítica,vibracion fuera de rango: 11.93
227,se059,2026-09-17 14:31:15,crítica,presion fuera de rango: 1029.72
228,se023,2026-09-25 12:07:08,alta,presion fuera de rango: 1029.71
229,se002,2026-09-06 20:26:50,crítica,humedad fuera de rango: 89.67
230,se018,2026-09-12 14:06:02,crítica,presion fuera de rango: 1029.84
231,se043,2026-09-25 19:04:41,crítica,temperatura fuera de rango: 34.9
232,se025,2026-09-07 12:57:31,media,humedad fuera de rango: 89.83
233,se048,2026-09-16 13:57:37,crítica,humedad fuera de rango: 89.67
234,se006,2026-09-09 19:12:41,crítica,temperatura fuera de rango: 34.95
235,se037,2026-09-12 09:47:52,alta,temperatura fuera de rango: 35.0
236,se022,2026-09-25 17:11:48,crítica,temperatura fuera de rango: 34.96
237,se057,2026-09-26 12:24:36,crítica,humedad fuera de rango: 89.92
238,se005,2026-09-19 17:05:57,crítica,temperatura fuera de rango: 35.0
239,se020,2026-09-22 20:25:13,crítica,vibracion fuera de rango: 11.97
240,se055,2026-09-04 16:46:41,crítica,humedad fuera de rango: 89.71
241,se047,2026-09-04 19:40:37,alta,vibracion fuera de rango: 11.91
242,se050,2026-09-28 18:36:01,alta,humedad fuera de rango: 89.77
243,se031,2026-09-05 21:57:08,alta,temperatura fuera de rango: 34.87
244,se019,2026-09-03 16:29:06,crítica,presion fuera de rango: 1029.84
245,se016,2026-09-19 11:26:50,alta,vibracion fuera de rango: 11.96
246,se060,2026-09-06 19:34:27,alta,temperatura fuera de rango: 34.93
247,se007,2026-09-24 11:21:55,media,vibracion fuera de rango: 11.99
248,se009,2026-09-21 19:15:42,media,presion fuera de rango: 1029.75
249,se014,2026-09-23 07:48:42,crítica,humedad fuera de rango: 89.96
250,se029,2026-09-25 20:01:45,crítica,humedad fuera de rango: 89.61
251,se048,2026-09-02 16:05:54,media,humedad fuera de rango: 89.89
252,se009,2026-09-14 06:23:28,alta,presion fuera de rango: 1029.9
253,se039,2026-09-15 09:42:39,media,vibracion fuera de rango: 11.92
254,se029,2026-09-27 12:55:30,media,humedad fuera de rango: 89.82
255,se034,2026-09-27 20:07:44,alta,vibracion fuera de rango: 11.92
256,se037,2026-09-16 11:14:57,crítica,temperatura fuera de rango: 34.91
257,se001,2026-09-14 14:55:05,crítica,humedad fuera de rango: 89.67
258,se011,2026-09-12 16:53:33,media,vibracion fuera de rango: 11.97
259,se043,2026-09-15 05:18:35,media,temperatura fuera de rango: 34.94
260,se044,2026-09-28 05:23:44,alta,presion fuera de rango: 1029.75
261,se031,2026-09-28 15:42:06,media,temperatura fuera de rango: 34.95
262,se058,2026-09-08 21:47:53,crítica,humedad fuera de rango: 89.7
263,se013,2026-09-23 08:52:22,alta,presion fuera de rango: 1029.65
264,se012,2026-09-20 23:22:58,crítica,humedad fuera de rango: 89.78
265,se058,2026-09-15 11:49:16,media,humedad fuera de rango: 89.69
266,se020,2026-09-20 14:20:16,crítica,vibracion fuera de rango: 11.91
267,se025,2026-09-30 12:25:42,media,humedad fuera de rango: 89.53
268,se010,2026-09-14 15:24:00,crítica,presion fuera de rango: 1029.85
269,se014,2026-09-07 22:51:30,crítica,humedad fuera de rango: 89.64
270,se023,2026-09-05 15:37:29,crítica,presion fuera de rango: 1029.82
271,se019,2026-09-11 18:34:38,alta,presion fuera de rango: 1029.87
272,se004,2026-09-14 13:13:18,alta,presion fuera de rango: 1029.85
273,se022,2026-09-25 09:46:18,media,temperatura fuera de rango: 34.94
274,se012,2026-09-09 13:58:29,alta,humedad fuera de rango: 89.97
275,se030,2026-09-04 17:35:26,alta,vibracion fuera de rango: 11.96
276,se026,2026-09-26 09:28:52,crítica,vibracion fuera de rango: 11.97
277,se056,2026-09-02 07:37:43,alta,presion fuera de rango: 1029.78
278,se042,2026-09-22 16:59:19,alta,humedad fuera de rango: 89.95
279,se033,2026-09-09 23:50:36,alta,humedad fuera de rango: 89.74
280,se016,2026-09-04 15:19:43,alta,vibracion fuera de rango: 11.97
281,se058,2026-09-28 10:33:03,media,humedad fuera de rango: 89.62
282,se012,2026-09-03 13:57:05,media,humedad fuera de rango: 89.77
283,se004,2026-09-28 09:51:53,media,presion fuera de rango: 1029.84
284,se009,2026-09-30 19:45:57,media,presion fuera de rango: 1029.98
285,se048,2026-09-23 06:50:50,alta,humedad fuera de rango: 89.9
286,se045,2026-09-04 18:48:49,crítica,vibracion fuera de rango: 11.93
287,se051,2026-09-17 19:14:26,media,presion fuera de rango: 1029.86
288,se005,2026-09-15 13:35:58,media,temperatura fuera de rango: 34.9
289,se016,2026-09-03 17:32:48,media,vibracion fuera de rango: 11.98
290,se018,2026-09-24 19:49:04,crítica,presion fuera de rango: 1029.96
291,se059,2026-09-23 13:34:35,media,presion fuera de rango: 1029.71
292,se017,2026-09-17 17:10:02,alta,vibracion fuera de rango: 11.98
293,se043,2026-09-24 22:07:27,crítica,temperatura fuera de rango: 34.92
294,se044,2026-09-19 03:18:10,alta,presion fuera de rango: 1029.78
295,se032,2026-09-22 18:58:57,media,vibracion fuera de rango: 11.94
296,se003,2026-09-26 10:55:05,media,presion fuera de rango: 1029.75
297,se029,2026-09-27 19:25:35,alta,humedad fuera de rango: 89.87
298,se057,2026-09-29 09:12:47,crítica,humedad fuera de rango: 89.94
299,se055,2026-09-18 12:53:55,media,humedad fuera de rango: 89.8
300,se017,2026-09-04 14:57:03,alta,vibracion fuera de rango: 11.94
301,se059,2026-09-13 13:14:59,alta,presion fuera de rango: 1029.63
302,se025,2026-09-10 18:21:15,media,humedad fuera de rango: 89.73
303,se021,2026-09-19 13:16:51,alta,vibracion fuera de rango: 11.92
304,se040,2026-09-23 16:27:04,crítica,presion fuera de rango: 1029.76
305,se004,2026-09-27 21:45:46,alta,presion fuera de rango: 1029.61
306,se033,2026-09-28 10:05:25,crítica,humedad fuera de rango: 89.6
307,se014,2026-09-14 13:13:33,media,humedad fuera de rango: 89.8
308,se007,2026-09-17 17:11:24,media,vibracion fuera de rango: 11.94
309,se007,2026-09-03 14:57:15,crítica,vibracion fuera de rango: 11.92
310,se024,2026-09-28 17:29:08,alta,presion fuera de rango: 1029.93
311,se044,2026-09-10 18:31:52,alta,presion fuera de rango: 1029.94
312,se042,2026-09-18 12:28:21,crítica,humedad fuera de rango: 89.63
313,se008,2026-09-14 08:26:16,crítica,vibracion fuera de rango: 11.92
314,se020,2026-09-09 00:49:03,alta,vibracion fuera de rango: 11.91
315,se004,2026-09-17 12:31:26,alta,presion fuera de rango: 1029.99
316,se036,2026-09-18 08:47:04,alta,presion fuera de rango: 1029.64
317,se036,2026-09-27 16:32:28,crítica,presion fuera de rango: 1029.97
318,se055,2026-09-19 19:17:11,media,humedad fuera de rango: 89.66
319,se054,2026-09-15 00:54:40,alta,vibracion fuera de rango: 11.97
320,se016,2026-09-13 17:26:55,crítica,vibracion fuera de rango: 11.99
