sensor_id,sitio_id,tipo,instalado_en
se001,si03,humedad,2026-01-19 00:00:00
se002,si03,humedad,2025-09-27 00:00:00
se003,si07,presion,2025-01-10 00:00:00
se004,si01,presion,2025-08-20 00:00:00
se005,si04,temperatura,2026-06-10 00:00:00
se006,si05,temperatura,2025-05-24 00:00:00
se007,si08,vibracion,2024-11-24 00:00:00
se008,si03,vibracion,2026-04-12 00:00:00
se009,si04,presion,2026-07-03 00:00:00
se010,si06,presion,2025-11-18 00:00:00
se011,si04,vibracion,2025-12-29 00:00:00
se012,si08,humedad,2025-05-12 00:00:00
se013,si05,presion,2025-03-02 00:00:00
se014,si05,humedad,2025-02-13 00:00:00
se015,si01,humedad,2025-08-05 00:00:00
se016,si02,vibracion,2026-07-22 00:00:00
se017,si08,vibracion,2026-04-08 00:00:00
se018,si02,presion,2024-12-10 00:00:00
se019,si01,presion,2025-01-15 00:00:00
se020,si05,vibracion,2025-10-17 00:00:00
se021,si04,vibracion,2026-07-16 00:00:00
se022,si03,temperatura,2024-11-05 00:00:00
se023,si02,presion,2025-05-20 00:00:00
se024,si02,presion,2026-04-01 00:00:00
se025,si07,humedad,2025-12-13 00:00:00
se026,si03,vibracion,2026-01-11 00:00:00
se027,si05,vibracion,2025-12-31 00:00:00
se028,si07,temperatura,2026-04-26 00:00:00
se029,si02,humedad,2025-06-11 00:00:00
se030,si03,vibracion,2026-04-12 00:00:00
se031,si08,temperatura,2025-01-01 00:00:00
se032,si08,vibracion,2025-04-01 00:00:00
se033,si07,humedad,2025-02-11 00:00:00
se034,si08,vibracion,2025-10-19 00:00:00
se035,si06,temperatura,2025-05-02 00:00:00
se036,si06,presion,2025-03-07 00:00:00
se037,si02,temperatura,2025-05-27 00:00:00
se038,si06,temperatura,2026-03-02 00:00:00
se039,si01,vibracion,2026-07-19 00:00:00
se040,si04,presion,2024-12-21 00:00:00
se041,si01,temperatura,2025-02-08 00:00:00
se042,si01,humedad,2026-07-27 00:00:00
se043,si04,temperatura,2024-10-27 00:00:00
se044,si04,presion,2026-06-26 00:00:00
se045,si02,vibracion,2025-05-23 00:00:00
se046,si08,humedad,2026-07-28 00:00:00
se047,si01,vibracion,2026-07-19 00:00:00
se048,si08,humedad,2025-12-14 00:00:00
se049,si08,vibracion,2026-07-16 00:00:00
se050,si05,humedad,2025-01-05 00:00:00
se051,si08,presion,2026-05-08 00:00:00
se052,si08,presion,2025-07-18 00:00:00
se053,si07,vibracion,2025-05-17 00:00:00
se054,si06,vibracion,2026-06-25 00:00:00
se055,si07,humedad,2025-05-03 00:00:00
se056,si03,presion,2025-05-09 00:00:00
se057,si06,humedad,2025-06-10 00:00:00
se058,si08,humedad,2025-03-19 00:00:00
se059,si03,presion,2026-05-03 00:00:00
se060,si08,temperatura,2025-12-20 00:00:00
