canal_id,servidor_id,nombre
ch01,s01,general
ch02,s01,proyectos
ch03,s01,off-topic
ch04,s01,memes
ch05,s02,dudas
ch06,s02,memes
ch07,s02,off-topic
ch08,s02,general
ch09,s03,juegos
ch10,s03,dudas
ch11,s03,música
ch12,s03,general
ch13,s04,memes
ch14,s04,anuncios
ch15,s04,dudas
ch16,s04,juegos
ch17,s05,dudas
ch18,s05,anuncios
ch19,s05,proyectos
ch20,s05,off-topic
ch21,s06,anuncios
ch22,s06,música
ch23,s06,off-topic
ch24,s06,proyectos
ch25,s07,proyectos
ch26,s07,off-topic
ch27,s07,anuncios
ch28,s07,general
ch29,s08,proyectos
ch30,s08,juegos
ch31,s08,dudas
ch32,s08,anuncios
ch33,s09,música
ch34,s09,general
ch35,s09,off-topic
ch36,s09,memes
ch37,s10,dudas
ch38,s10,off-topic
ch39,s10,proyectos
ch40,s10,anuncios
