usuario_id,nombre_usuario,creado_en
du001,diego2863,2023-12-13 00:00:00
du002,sofía3003,2024-07-24 00:00:00
du003,luis5294,2023-06-10 00:00:00
du004,andrés2729,2022-08-24 00:00:00
du005,sofía7072,2026-08-27 00:00:00
du006,diego5320,2025-11-28 00:00:00
du007,carlos4129,2025-08-04 00:00:00
du008,ana8427,2023-02-18 00:00:00
du009,ana4242,2023-08-31 00:00:00
du010,ana1042,2025-03-31 00:00:00
du011,lucía8265,2022-10-21 00:00:00
du012,carlos6183,2026-06-11 00:00:00
du013,tomás8206,2025-10-20 00:00:00
du014,carlos9477,2026-04-23 00:00:00
du015,sofía7962,2024-05-12 00:00:00
du016,maría3475,2023-10-09 00:00:00
du017,isabel5734,2023-11-08 00:00:00
du018,mateo5580,2026-06-13 00:00:00
du019,tomás7669,2024-04-23 00:00:00
du020,ana8674,2025-01-01 00:00:00
du021,daniela7103,2026-03-25 00:00:00
du022,lucía7512,2023-11-03 00:00:00
du023,carlos5209,2023-08-23 00:00:00
du024,javier7972,2023-08-26 00:00:00
du025,sofía4202,2022-10-27 00:00:00
du026,maría2449,2024-10-04 00:00:00
du027,valeria5513,2023-01-05 00:00:00
du028,andrés5902,2024-01-24 00:00:00
du029,valeria729,2023-05-20 00:00:00
du030,valeria3631,2024-10-16 00:00:00
du031,pablo8344,2025-10-17 00:00:00
du032,javier5258,2025-03-25 00:00:00
du033,daniela8739,2026-07-09 00:00:00
du034,maría348,2023-01-10 00:00:00
du035,sofía4209,2023-01-01 00:00:00
du036,valeria9857,2026-07-09 00:00:00
du037,mateo6400,2025-07-28 00:00:00
du038,luis4946,2025-09-30 00:00:00
du039,valeria8524,2025-09-02 00:00:00
du040,daniela5212,2025-12-24 00:00:00
du041,carlos7766,2022-08-22 00:00:00
du042,valeria8269,2024-08-19 00:00:00
du043,carlos6950,2024-10-03 00:00:00
du044,javier3040,2023-06-17 00:00:00
du045,mateo1170,2026-07-21 00:00:00
du046,luis3878,2023-12-10 00:00:00
du047,camila6191,2023-07-20 00:00:00
du048,javier3609,2024-02-23 00:00:00
du049,sofía7606,2024-12-03 00:00:00
du050,pablo2236,2024-06-08 00:00:00
du051,isabel7458,2023-10-27 00:00:00
du052,maría2348,2022-10-22 00:00:00
du053,paula3905,2026-08-09 00:00:00
du054,diego8097,2025-08-31 00:00:00
du055,diego1835,2024-02-14 00:00:00
du056,jorge9334,2022-12-04 00:00:00
du057,mateo5549,2026-08-20 00:00:00
du058,sofía1987,2025-02-26 00:00:00
du059,isabel2088,2026-03-24 00:00:00
du060,daniela6423,2023-02-25 00:00:00
du061,camila501,2023-10-13 00:00:00
du062,valeria4105,2024-02-16 00:00:00
du063,tomás5600,2023-01-20 00:00:00
du064,sofía373,2026-04-13 00:00:00
du065,diego5325,2025-11-14 00:00:00
du066,diego9693,2025-11-06 00:00:00
du067,lucía3387,2026-02-13 00:00:00
du068,sofía4554,2025-02-24 00:00:00
du069,pablo6929,2023-05-03 00:00:00
du070,mateo3055,2025-07-03 00:00:00
du071,jorge7925,2024-07-09 00:00:00
du072,maría7267,2024-05-28 00:00:00
du073,jorge5880,2025-08-10 00:00:00
du074,camila4781,2024-09-10 00:00:00
du075,isabel2580,2025-06-15 00:00:00
du076,paula5925,2022-11-19 00:00:00
du077,jorge6279,2023-06-10 00:00:00
du078,pablo607,2024-09-22 00:00:00
du079,valeria8751,2024-06-07 00:00:00
du080,maría9716,2022-12-29 00:00:00
du081,mateo393,2023-12-30 00:00:00
du082,maría8335,2023-02-09 00:00:00
du083,lucía599,2024-10-22 00:00:00
du084,tomás1748,2022-09-14 00:00:00
du085,mateo2269,2022-11-22 00:00:00
du086,pablo1487,2022-07-28 00:00:00
du087,sofía2992,2023-04-08 00:00:00
du088,paula852,2025-05-27 00:00:00
du089,jorge3355,2025-01-22 00:00:00
du090,daniela1690,2025-09-17 00:00:00
du091,tomás8386,2023-05-02 00:00:00
du092,sofía4700,2025-09-10 00:00:00
du093,isabel4489,2022-12-19 00:00:00
du094,lucía992,2024-11-23 00:00:00
du095,daniela857,2024-01-26 00:00:00
du096,valeria4852,2025-10-29 00:00:00
du097,valeria2988,2026-05-20 00:00:00
du098,javier39,2023-10-21 00:00:00
du099,mateo619,2024-10-26 00:00:00
du100,mateo7249,2026-07-25 00:00:00
du101,ana9492,2026-03-29 00:00:00
du102,diego201,2022-12-06 00:00:00
du103,tomás4116,2025-03-06 00:00:00
du104,sofía1425,2026-06-30 00:00:00
du105,lucía7051,2023-07-13 00:00:00
du106,isabel3065,2024-07-01 00:00:00
du107,paula9218,2023-05-05 00:00:00
du108,lucía4116,2025-04-18 00:00:00
du109,camila3520,2024-09-07 00:00:00
du110,mateo8779,2022-11-23 00:00:00
du111,andrés5498,2024-09-23 00:00:00
du112,ana6449,2024-01-14 00:00:00
du113,carlos953,2024-12-21 00:00:00
du114,jorge6164,2023-09-10 00:00:00
du115,valeria4654,2022-09-24 00:00:00
du116,ana5805,2024-01-20 00:00:00
du117,ana1479,2022-09-26 00:00:00
du118,javier9674,2026-03-16 00:00:00
du119,javier5461,2022-10-19 00:00:00
du120,maría9455,2025-03-08 00:00:00
du121,mateo9347,2022-11-06 00:00:00
du122,javier8456,2023-11-30 00:00:00
du123,lucía3124,2023-10-27 00:00:00
du124,pablo8479,2024-01-08 00:00:00
du125,ana5800,2024-09-25 00:00:00
du126,carlos9983,2026-02-21 00:00:00
du127,pablo5409,2026-05-12 00:00:00
du128,jorge4384,2026-02-12 00:00:00
du129,valeria1869,2024-03-02 00:00:00
du130,sofía8690,2025-04-12 00:00:00
du131,camila2470,2026-07-24 00:00:00
du132,ana1460,2023-12-28 00:00:00
du133,pablo2278,2025-01-01 00:00:00
du134,paula6406,2025-10-13 00:00:00
du135,isabel7463,2023-07-04 00:00:00
du136,diego9924,2022-09-28 00:00:00
du137,pablo6147,2025-09-15 00:00:00
du138,diego8604,2024-01-21 00:00:00
du139,diego1479,2025-08-16 00:00:00
du140,lucía7736,2026-04-30 00:00:00
du141,ana6941,2022-08-17 00:00:00
du142,paula5331,2023-08-06 00:00:00
du143,mateo4999,2024-09-11 00:00:00
du144,maría4391,2024-10-14 00:00:00
du145,sofía8612,2024-12-26 00:00:00
du146,isabel1803,2022-08-08 00:00:00
du147,javier1432,2026-08-09 00:00:00
du148,andrés3924,2025-04-06 00:00:00
du149,maría9423,2022-11-06 00:00:00
du150,jorge7649,2026-04-02 00:00:00
du151,pablo3026,2025-04-15 00:00:00
du152,carlos7242,2023-08-25 00:00:00
du153,jorge3286,2022-10-24 00:00:00
du154,paula667,2023-02-20 00:00:00
du155,jorge2873,2025-03-04 00:00:00
du156,valeria3667,2023-06-30 00:00:00
du157,mateo5737,2022-08-02 00:00:00
du158,tomás3769,2022-09-03 00:00:00
du159,ana449,2023-10-01 00:00:00
du160,valeria6171,2025-11-03 00:00:00
du161,mateo6201,2024-09-09 00:00:00
du162,pablo632,2023-07-06 00:00:00
du163,carlos3931,2024-01-19 00:00:00
du164,lucía3773,2025-10-17 00:00:00
du165,andrés5592,2023-10-06 00:00:00
du166,paula9805,2023-12-28 00:00:00
du167,carlos2616,2024-11-28 00:00:00
du168,andrés7568,2026-01-04 00:00:00
du169,lucía2454,2025-10-04 00:00:00
du170,lucía7936,2025-09-26 00:00:00
du171,isabel8477,2023-10-18 00:00:00
du172,maría5136,2022-09-27 00:00:00
du173,carlos4991,2024-09-28 00:00:00
du174,mateo9278,2023-11-20 00:00:00
du175,carlos4766,2025-06-04 00:00:00
du176,carlos5449,2026-07-24 00:00:00
du177,sofía3443,2022-10-20 00:00:00
du178,camila3517,2025-04-29 00:00:00
du179,maría4633,2023-02-20 00:00:00
du180,tomás5322,2024-05-04 00:00:00
du181,isabel3402,2024-09-18 00:00:00
du182,jorge1844,2022-12-26 00:00:00
du183,ana4327,2025-02-27 00:00:00
du184,javier1235,2023-01-23 00:00:00
du185,daniela7605,2023-04-08 00:00:00
du186,pablo1584,2024-07-30 00:00:00
du187,carlos3955,2024-02-02 00:00:00
du188,maría1669,2025-03-23 00:00:00
du189,jorge6159,2025-05-09 00:00:00
du190,jorge9037,2024-12-13 00:00:00
du191,valeria1394,2024-03-30 00:00:00
du192,maría934,2022-09-08 00:00:00
du193,andrés1156,2022-10-03 00:00:00
du194,carlos6261,2026-01-25 00:00:00
du195,andrés4139,2025-05-23 00:00:00
du196,mateo450,2025-10-17 00:00:00
du197,carlos1868,2023-03-30 00:00:00
du198,lucía2820,2022-09-30 00:00:00
du199,mateo9844,2025-06-13 00:00:00
du200,lucía1618,2025-06-09 00:00:00
du201,daniela6577,2026-02-12 00:00:00
du202,camila2976,2026-02-12 00:00:00
du203,jorge153,2024-10-01 00:00:00
du204,valeria3037,2023-04-30 00:00:00
du205,mateo8747,2023-06-19 00:00:00
du206,luis7791,2025-12-14 00:00:00
du207,ana2177,2024-05-09 00:00:00
du208,jorge820,2023-08-29 00:00:00
du209,carlos5418,2026-06-27 00:00:00
du210,javier2849,2025-03-08 00:00:00
du211,paula5260,2025-11-28 00:00:00
du212,daniela8207,2026-02-27 00:00:00
du213,daniela4535,2022-10-28 00:00:00
du214,mateo7428,2023-11-25 00:00:00
du215,tomás5866,2024-03-27 00:00:00
du216,javier7765,2022-08-06 00:00:00
du217,carlos4284,2023-05-04 00:00:00
du218,camila8353,2025-05-25 00:00:00
du219,daniela9090,2023-08-01 00:00:00
du220,lucía1087,2023-11-09 00:00:00
du221,javier3800,2023-12-18 00:00:00
du222,ana4088,2026-04-15 00:00:00
du223,luis8258,2025-03-07 00:00:00
du224,luis1614,2026-06-05 00:00:00
du225,daniela8174,2026-07-01 00:00:00
du226,lucía422,2024-11-18 00:00:00
du227,carlos8123,2025-07-10 00:00:00
du228,mateo7024,2025-01-15 00:00:00
du229,andrés1241,2025-04-13 00:00:00
du230,camila7188,2024-06-25 00:00:00
du231,pablo3066,2024-07-13 00:00:00
du232,luis7717,2023-09-13 00:00:00
du233,paula5858,2025-03-14 00:00:00
du234,andrés7528,2022-10-05 00:00:00
du235,diego2796,2024-04-14 00:00:00
du236,andrés9973,2024-06-28 00:00:00
du237,javier1005,2025-06-22 00:00:00
du238,sofía3315,2022-12-31 00:00:00
du239,jorge1525,2024-10-18 00:00:00
du240,valeria1471,2024-10-02 00:00:00
du241,camila653,2024-10-19 00:00:00
du242,carlos3014,2026-01-26 00:00:00
du243,paula7321,2025-12-18 00:00:00
du244,isabel3624,2024-08-31 00:00:00
du245,jorge8524,2023-08-19 00:00:00
du246,maría7394,2022-11-05 00:00:00
du247,maría3461,2025-07-10 00:00:00
du248,valeria2433,2026-06-17 00:00:00
du249,camila2879,2024-05-08 00:00:00
du250,sofía3676,2026-07-17 00:00:00
du251,luis4882,2023-11-08 00:00:00
du252,sofía5299,2023-05-31 00:00:00
du253,jorge6165,2026-06-02 00:00:00
du254,jorge9129,2025-12-15 00:00:00
du255,maría5801,2023-09-14 00:00:00
du256,luis2853,2025-07-29 00:00:00
du257,ana4133,2026-07-05 00:00:00
du258,carlos5104,2025-05-18 00:00:00
du259,javier1677,2022-10-07 00:00:00
du260,jorge420,2023-02-03 00:00:00
du261,diego2476,2025-10-25 00:00:00
du262,valeria7170,2026-01-03 00:00:00
du263,luis6912,2024-01-28 00:00:00
du264,carlos7378,2024-04-08 00:00:00
du265,maría3775,2025-01-21 00:00:00
du266,camila6720,2025-04-06 00:00:00
du267,paula540,2023-10-07 00:00:00
du268,andrés4431,2024-11-07 00:00:00
du269,camila8745,2022-10-24 00:00:00
du270,andrés8706,2023-09-12 00:00:00
du271,luis3299,2022-10-29 00:00:00
du272,valeria2411,2026-02-28 00:00:00
du273,mateo2385,2024-09-07 00:00:00
du274,maría2534,2024-11-09 00:00:00
du275,pablo4339,2025-03-12 00:00:00
du276,mateo2212,2026-06-14 00:00:00
du277,ana3205,2023-02-13 00:00:00
du278,mateo636,2022-12-16 00:00:00
du279,tomás4693,2025-01-31 00:00:00
du280,luis3513,2026-01-26 00:00:00
du281,daniela1730,2022-12-28 00:00:00
du282,diego4400,2023-02-18 00:00:00
du283,sofía5518,2025-11-06 00:00:00
du284,daniela2152,2022-09-28 00:00:00
du285,javier6047,2022-12-18 00:00:00
du286,tomás8456,2026-01-07 00:00:00
du287,daniela7590,2024-10-21 00:00:00
du288,jorge6859,2025-01-20 00:00:00
du289,lucía814,2026-04-29 00:00:00
du290,jorge2186,2022-08-25 00:00:00
du291,sofía5536,2023-09-04 00:00:00
du292,carlos1937,2022-10-10 00:00:00
du293,ana6962,2026-07-24 00:00:00
du294,daniela1733,2023-01-06 00:00:00
du295,carlos8656,2025-09-24 00:00:00
du296,jorge1463,2026-05-27 00:00:00
du297,isabel9613,2024-01-18 00:00:00
du298,valeria7271,2023-06-01 00:00:00
du299,paula8509,2023-10-04 00:00:00
du300,daniela889,2023-07-10 00:00:00
